date,eua_eur_t,average,auction_volume,revenue_eur,report,anomaly
2024-01-01,61.94,simple,3592000,222488480,2024_report_Q4,
2024-02-01,55.7,simple,7184000,400112880,2024_report_Q4,
2024-03-01,56.6,simple,7184000,406578480,2024_report_Q4,
2024-04-01,64.65,simple,7184000,464463560,2024_report_Q4,
2024-05-01,71.98,simple,7184000,517122280,2024_report_Q4,
2024-06-01,67.67,simple,7184000,486141280,2024_report_Q4,
2024-07-01,66.7,simple,7184000,479172800,2024_report_Q4,
2024-08-01,70.4,volume weighted,8994000,633208900,2024_report_Q4,
2024-09-01,65.13,simple,7546000,491470980,2024_report_Q4,
2024-10-01,63.24,simple,7546000,477209040,2024_report_Q4,
2024-11-01,66.89,simple,9432500,630939925,2024_report_Q4,
2024-12-01,66.66,volume weighted,3777000,251772460,2024_report_Q4,
2025-01-01,76.87,simple,6428000,494104290,2025_report_Q4,
2025-02-01,75.05,simple,6428000,482437470,2025_report_Q4,
2025-03-01,68.84,simple,6428000,442471380,2025_report_Q4,
2025-04-01,63.57,simple,4821000,306454900,2025_report_Q4,
2025-05-01,71.42,simple,4821000,344299750,2025_report_Q4,
2025-06-01,72.26,simple,6428000,464471210,2025_report_Q4,
2025-07-01,70.01,simple,6428000,450040350,2025_report_Q4,
2025-08-01,71.35,volume weighted,8042500,573848070,2025_report_Q4,
2025-09-01,75.55,simple,6764000,511020200,2025_report_Q4,
2025-10-01,78.59,simple,6764000,531548940,2025_report_Q4,
2025-11-01,80.92,simple,6764000,547342880,2025_report_Q4,
2025-12-01,82.95,volume weighted,3387000,280955150,2025_report_Q4,
2026-01-01,86.88,simple,4372000,379850290,2026_report_08,
2026-02-01,72.47,simple,4372000,316816980,2026_report_08,
2026-03-01,68.49,simple,4372000,299449210,2026_report_08,
2026-04-01,73.98,simple,3279000,242569490,2026_report_08,
2026-05-01,75.98,simple,3279000,249127490,2026_report_08,
2026-06-01,77.99,simple,4000000,311960000,2026_report_08,
2026-07-01,79.66,simple,5000000,398320000,2026_report_08,
2026-08-01,82.31,volume weighted,3717500,305992000,2026_report_08,
