date,eua_eur_t,report,reports_printing_it,anomaly
2023-01-01,79.71,cap_report_202403,1,
2023-02-01,91.77,cap_report_202403,1,
2023-03-01,89.51,cap_report_202403,1,
2023-04-01,89.88,cap_report_202406,2,
2023-05-01,83.79,cap_report_202406,2,
2023-06-01,85.04,cap_report_202406,2,
2023-07-01,86.17,cap_report_202409,3,
2023-08-01,84.76,cap_report_202409,3,
2023-09-01,81.66,cap_report_202409,3,
2023-10-01,80.66,cap_report_202412,4,
2023-11-01,75.38,cap_report_202412,4,
2023-12-01,68.53,cap_report_202412,4,
2024-01-01,61.55,cap_report_202503,5,
2024-02-01,55.28,cap_report_202503,5,
2024-03-01,57.7,cap_report_202503,5,
2024-04-01,63.59,cap_report_202506,5,
2024-05-01,70.58,cap_report_202506,5,
2024-06-01,68.87,cap_report_202506,5,
2024-07-01,66.8,cap_report_202506,4,
2024-08-01,69.93,cap_report_202506,4,
2024-09-01,65.19,cap_report_202506,4,
2024-10-01,63.09,cap_report_202506,3,
2024-11-01,67.09,cap_report_202506,3,
2024-12-01,67.36,cap_report_202506,3,
2025-01-01,75.69,cap_report_202506,2,
2025-02-01,75.94,cap_report_202506,2,
2025-03-01,68.69,cap_report_202506,2,
2025-04-01,64.17,cap_report_202506,1,
2025-05-01,70.23,cap_report_202506,1,
2025-06-01,72.06,cap_report_202506,1,
