date,series_id,country,vintage_before,mmcf_before,usd_per_mcf_before,vintage_after,mmcf_after,usd_per_mcf_after
2024-02-15,NGM_EPG0_EVE_NUS-NJA_MMCF,Japan,2026-08-31,22827,6.24,2026-09-30,22827,6.25
2024-02-15,NGM_EPG0_EVE_NUS-NUK_MMCF,United Kingdom,2026-08-31,34117,7.23,2026-09-30,34724,7.22
2024-04-15,NGM_EPG0_EVE_NUS-NJO_MMCF,Jordan,2026-08-31,3652,5.2,2026-09-30,3652,5.19
2024-04-15,NGM_EPG0_EVE_NUS-NPO_MMCF,Portugal,2026-08-31,6469,4.74,2026-09-30,6469,4.75
2024-08-15,NGM_EPG0_EVE_NUS-NIN_MMCF,India,2026-08-31,24876,5.08,2026-09-30,24876,5.07
2024-12-15,NGM_EPG0_EVE_NUS-NFI_MMCF,Finland,2026-08-31,3655,7.33,2026-09-30,3655,7.32
2026-01-15,N9133US2,,2026-08-31,539203,8.67,2026-09-30,539203,8.69
2026-01-15,NGM_EPG0_EVE_NUS-NBF_MMCF,Bahamas,2026-08-31,574,7.43,2026-09-30,574,9.93
2026-01-15,NGM_EPG0_EVE_NUS-NDR_MMCF,Dominican Republic,2026-08-31,4733,8.01,2026-09-30,4733,8.62
2026-01-15,NGM_EPG0_EVE_NUS-NJM_MMCF,Jamaica,2026-08-31,72,8.51,2026-09-30,72,11.27
2026-01-15,NGM_EPG0_EVE_NUS-NTU_MMCF,Turkiye,2026-08-31,80985,8.99,2026-09-30,80985,9.11
2026-01-15,NGM_EPG0_EVE_NUS-Z00_MMCF,,2026-08-31,539203,8.67,2026-09-30,539203,8.69
2026-01-15,NGM_EPG0_EVT_NUS-Z00_MMCF,,2026-08-31,539203,8.67,2026-09-30,539203,8.69
2026-02-15,N9133US2,,2026-08-31,493596,11.33,2026-09-30,493596,11.35
2026-02-15,NGM_EPG0_EVE_NUS-NBF_MMCF,Bahamas,2026-08-31,430,6.01,2026-09-30,430,8.54
2026-02-15,NGM_EPG0_EVE_NUS-NJM_MMCF,Jamaica,2026-08-31,3606,10.82,2026-09-30,3606,10.87
2026-02-15,NGM_EPG0_EVE_NUS-NUK_MMCF,United Kingdom,2026-08-31,60432,11.01,2026-09-30,60432,11.16
2026-02-15,NGM_EPG0_EVE_NUS-Z00_MMCF,,2026-08-31,493596,11.33,2026-09-30,493596,11.35
2026-02-15,NGM_EPG0_EVT_NUS-Z00_MMCF,,2026-08-31,493596,11.33,2026-09-30,493596,11.35
2026-03-15,N9133US2,,2026-08-31,573089,7.57,2026-09-30,573089,7.6
2026-03-15,NGM_EPG0_EVE_NUS-NBF_MMCF,Bahamas,2026-08-31,555,8.53,2026-09-30,555,11.07
2026-03-15,NGM_EPG0_EVE_NUS-NGR_MMCF,Greece,2026-08-31,9777,5.18,2026-09-30,9777,6
2026-03-15,NGM_EPG0_EVE_NUS-NJM_MMCF,Jamaica,2026-08-31,1058,5.87,2026-09-30,1058,7.51
2026-03-15,NGM_EPG0_EVE_NUS-NUK_MMCF,United Kingdom,2026-08-31,21799,9.28,2026-09-30,21799,9.71
2026-03-15,NGM_EPG0_EVE_NUS-Z00_MMCF,,2026-08-31,573089,7.57,2026-09-30,573089,7.6
2026-03-15,NGM_EPG0_EVT_NUS-Z00_MMCF,,2026-08-31,573089,7.57,2026-09-30,573089,7.6
2026-04-15,N9133US2,,2026-08-31,537936,8.04,2026-09-30,537936,8.08
2026-04-15,NGM_EPG0_EVE_NUS-NBF_MMCF,Bahamas,2026-08-31,804,5.65,2026-09-30,804,8.26
2026-04-15,NGM_EPG0_EVE_NUS-NGR_MMCF,Greece,2026-08-31,3880,5.87,2026-09-30,3880,6.72
2026-04-15,NGM_EPG0_EVE_NUS-NIT_MMCF,Italy,2026-08-31,52278,7.66,2026-09-30,52278,7.82
2026-04-15,NGM_EPG0_EVE_NUS-NJM_MMCF,Jamaica,2026-08-31,258,4.12,2026-09-30,258,6.89
2026-04-15,NGM_EPG0_EVE_NUS-NM6_MMCF,Malta,2026-08-31,2376,3.69,2026-09-30,2376,6.45
2026-04-15,NGM_EPG0_EVE_NUS-Z00_MMCF,,2026-08-31,537936,8.04,2026-09-30,537936,8.08
2026-04-15,NGM_EPG0_EVT_NUS-Z00_MMCF,,2026-08-31,537936,8.04,2026-09-30,537936,8.08
2026-05-15,N9133US2,,2026-08-31,502812,7.8,2026-09-30,502812,7.83
2026-05-15,NGM_EPG0_EVE_NUS-NBF_MMCF,Bahamas,2026-08-31,1105,4.79,2026-09-30,1105,7.42
2026-05-15,NGM_EPG0_EVE_NUS-NJM_MMCF,Jamaica,2026-08-31,519,10.3,2026-09-30,519,11.71
2026-05-15,NGM_EPG0_EVE_NUS-NSN_MMCF,Singapore,2026-08-31,10245,5.59,2026-09-30,10245,6.51
2026-05-15,NGM_EPG0_EVE_NUS-Z00_MMCF,,2026-08-31,502796,7.8,2026-09-30,502796,7.83
2026-05-15,NGM_EPG0_EVT_NUS-Z00_MMCF,,2026-08-31,502812,7.8,2026-09-30,502812,7.83
