date,usd_per_eur,obs_status
2015-01-01,,ND
2015-01-02,1.2015,A
2015-01-05,1.1918,A
2015-01-06,1.1936,A
2015-01-07,1.182,A
2015-01-08,1.1811,A
2015-01-09,1.183,A
2015-01-12,1.1832,A
2015-01-13,1.1779,A
2015-01-14,1.1806,A
2015-01-15,1.1598,A
2015-01-16,1.1517,A
2015-01-19,,ND
2015-01-20,1.1559,A
2015-01-21,1.1584,A
2015-01-22,1.1414,A
2015-01-23,1.1279,A
2015-01-26,1.129,A
2015-01-27,1.137,A
2015-01-28,1.1342,A
2015-01-29,1.1308,A
2015-01-30,1.129,A
2015-02-02,1.1337,A
2015-02-03,1.1462,A
2015-02-04,1.1418,A
2015-02-05,1.1432,A
2015-02-06,1.133,A
2015-02-09,1.1316,A
2015-02-10,1.1316,A
2015-02-11,1.13,A
2015-02-12,1.141,A
2015-02-13,1.1408,A
2015-02-16,,ND
2015-02-17,1.1395,A
2015-02-18,1.1342,A
2015-02-19,1.1392,A
2015-02-20,1.1372,A
2015-02-23,1.1346,A
2015-02-24,1.1307,A
2015-02-25,1.1363,A
2015-02-26,1.1212,A
2015-02-27,1.1197,A
2015-03-02,1.119,A
2015-03-03,1.1212,A
2015-03-04,1.107,A
2015-03-05,1.1006,A
2015-03-06,1.0855,A
2015-03-09,1.0846,A
2015-03-10,1.0707,A
2015-03-11,1.0576,A
2015-03-12,1.0615,A
2015-03-13,1.0524,A
2015-03-16,1.0575,A
2015-03-17,1.0605,A
2015-03-18,1.0643,A
2015-03-19,1.0621,A
2015-03-20,1.0792,A
2015-03-23,1.0928,A
2015-03-24,1.0908,A
2015-03-25,1.0986,A
2015-03-26,1.0919,A
2015-03-27,1.0891,A
2015-03-30,1.0818,A
2015-03-31,1.0741,A
2015-04-01,1.0768,A
2015-04-02,1.0874,A
2015-04-03,1.099,A
2015-04-06,1.1008,A
2015-04-07,1.085,A
2015-04-08,1.0818,A
2015-04-09,1.0671,A
2015-04-10,1.0598,A
2015-04-13,1.0582,A
2015-04-14,1.0672,A
2015-04-15,1.0596,A
2015-04-16,1.0742,A
2015-04-17,1.078,A
2015-04-20,1.0763,A
2015-04-21,1.0758,A
2015-04-22,1.0729,A
2015-04-23,1.0803,A
2015-04-24,1.0876,A
2015-04-27,1.0892,A
2015-04-28,1.0979,A
2015-04-29,1.1174,A
2015-04-30,1.1162,A
2015-05-01,1.1194,A
2015-05-04,1.1145,A
2015-05-05,1.1174,A
2015-05-06,1.1345,A
2015-05-07,1.1283,A
2015-05-08,1.1241,A
2015-05-11,1.1142,A
2015-05-12,1.124,A
2015-05-13,1.1372,A
2015-05-14,1.1368,A
2015-05-15,1.1428,A
2015-05-18,1.1354,A
2015-05-19,1.1151,A
2015-05-20,1.1079,A
2015-05-21,1.1126,A
2015-05-22,1.1033,A
2015-05-25,,ND
2015-05-26,1.0876,A
2015-05-27,1.0888,A
2015-05-28,1.0914,A
2015-05-29,1.0994,A
2015-06-01,1.0913,A
2015-06-02,1.113,A
2015-06-03,1.1285,A
2015-06-04,1.1271,A
2015-06-05,1.1108,A
2015-06-08,1.1232,A
2015-06-09,1.1284,A
2015-06-10,1.1307,A
2015-06-11,1.1236,A
2015-06-12,1.1278,A
2015-06-15,1.1266,A
2015-06-16,1.1238,A
2015-06-17,1.1244,A
2015-06-18,1.1404,A
2015-06-19,1.1335,A
2015-06-22,1.1378,A
2015-06-23,1.119,A
2015-06-24,1.1178,A
2015-06-25,1.1196,A
2015-06-26,1.1156,A
2015-06-29,1.118,A
2015-06-30,1.1154,A
2015-07-01,1.1084,A
2015-07-02,1.109,A
2015-07-03,,ND
2015-07-06,1.1076,A
2015-07-07,1.0952,A
2015-07-08,1.1072,A
2015-07-09,1.1025,A
2015-07-10,1.115,A
2015-07-13,1.102,A
2015-07-14,1.1015,A
2015-07-15,1.0965,A
2015-07-16,1.0898,A
2015-07-17,1.0848,A
2015-07-20,1.085,A
2015-07-21,1.0927,A
2015-07-22,1.0884,A
2015-07-23,1.0976,A
2015-07-24,1.0976,A
2015-07-27,1.1112,A
2015-07-28,1.1055,A
2015-07-29,1.1026,A
2015-07-30,1.0914,A
2015-07-31,1.1028,A
2015-08-03,1.0962,A
2015-08-04,1.0953,A
2015-08-05,1.0868,A
2015-08-06,1.0922,A
2015-08-07,1.0958,A
2015-08-10,1.0994,A
2015-08-11,1.1042,A
2015-08-12,1.1198,A
2015-08-13,1.1144,A
2015-08-14,1.111,A
2015-08-17,1.1078,A
2015-08-18,1.1028,A
2015-08-19,1.1061,A
2015-08-20,1.12,A
2015-08-21,1.1356,A
2015-08-24,1.158,A
2015-08-25,1.141,A
2015-08-26,1.139,A
2015-08-27,1.1239,A
2015-08-28,1.1172,A
2015-08-31,1.1194,A
2015-09-01,1.1263,A
2015-09-02,1.1242,A
2015-09-03,1.1104,A
2015-09-04,1.1117,A
2015-09-07,,ND
2015-09-08,1.1182,A
2015-09-09,1.1165,A
2015-09-10,1.1262,A
2015-09-11,1.1338,A
2015-09-14,1.1307,A
2015-09-15,1.126,A
2015-09-16,1.1304,A
2015-09-17,1.1312,A
2015-09-18,1.1358,A
2015-09-21,1.1204,A
2015-09-22,1.1133,A
2015-09-23,1.116,A
2015-09-24,1.1252,A
2015-09-25,1.1192,A
2015-09-28,1.1236,A
2015-09-29,1.1246,A
2015-09-30,1.1162,A
2015-10-01,1.12,A
2015-10-02,1.1276,A
2015-10-05,1.12,A
2015-10-06,1.1266,A
2015-10-07,1.1249,A
2015-10-08,1.1282,A
2015-10-09,1.1363,A
2015-10-12,,ND
2015-10-13,1.1382,A
2015-10-14,1.1437,A
2015-10-15,1.1418,A
2015-10-16,1.136,A
2015-10-19,1.132,A
2015-10-20,1.1359,A
2015-10-21,1.1345,A
2015-10-22,1.114,A
2015-10-23,1.1016,A
2015-10-26,1.1051,A
2015-10-27,1.1052,A
2015-10-28,1.1066,A
2015-10-29,1.0963,A
2015-10-30,1.1042,A
2015-11-02,1.1026,A
2015-11-03,1.0946,A
2015-11-04,1.0861,A
2015-11-05,1.0869,A
2015-11-06,1.0746,A
2015-11-09,1.0767,A
2015-11-10,1.0686,A
2015-11-11,,ND
2015-11-12,1.0768,A
2015-11-13,1.0722,A
2015-11-16,1.0708,A
2015-11-17,1.0634,A
2015-11-18,1.0638,A
2015-11-19,1.0746,A
2015-11-20,1.066,A
2015-11-23,1.0602,A
2015-11-24,1.0652,A
2015-11-25,1.0616,A
2015-11-26,,ND
2015-11-27,1.0596,A
2015-11-30,1.0562,A
2015-12-01,1.062,A
2015-12-02,1.0573,A
2015-12-03,1.0902,A
2015-12-04,1.0884,A
2015-12-07,1.084,A
2015-12-08,1.0876,A
2015-12-09,1.0984,A
2015-12-10,1.0948,A
2015-12-11,1.1002,A
2015-12-14,1.1025,A
2015-12-15,1.0911,A
2015-12-16,1.0937,A
2015-12-17,1.0804,A
2015-12-18,1.0847,A
2015-12-21,1.092,A
2015-12-22,1.0978,A
2015-12-23,1.0875,A
2015-12-24,1.0955,A
2015-12-25,,ND
2015-12-28,1.0983,A
2015-12-29,1.0916,A
2015-12-30,1.0912,A
2015-12-31,1.0859,A
2016-01-01,,ND
2016-01-04,1.0803,A
2016-01-05,1.0743,A
2016-01-06,1.0762,A
2016-01-07,1.086,A
2016-01-08,1.0885,A
2016-01-11,1.0878,A
2016-01-12,1.0837,A
2016-01-13,1.0862,A
2016-01-14,1.0862,A
2016-01-15,1.0964,A
2016-01-18,,ND
2016-01-19,1.0906,A
2016-01-20,1.0908,A
2016-01-21,1.0833,A
2016-01-22,1.0814,A
2016-01-25,1.0832,A
2016-01-26,1.0846,A
2016-01-27,1.0867,A
2016-01-28,1.0952,A
2016-01-29,1.0832,A
2016-02-01,1.0888,A
2016-02-02,1.0908,A
2016-02-03,1.1051,A
2016-02-04,1.1199,A
2016-02-05,1.1131,A
2016-02-08,1.117,A
2016-02-09,1.13,A
2016-02-10,1.1222,A
2016-02-11,1.1362,A
2016-02-12,1.1235,A
2016-02-15,,ND
2016-02-16,1.114,A
2016-02-17,1.114,A
2016-02-18,1.1092,A
2016-02-19,1.1127,A
2016-02-22,1.1018,A
2016-02-23,1.1016,A
2016-02-24,1.1021,A
2016-02-25,1.1026,A
2016-02-26,1.0932,A
2016-02-29,1.0868,A
2016-03-01,1.0847,A
2016-03-02,1.0845,A
2016-03-03,1.0948,A
2016-03-04,1.101,A
2016-03-07,1.1004,A
2016-03-08,1.1028,A
2016-03-09,1.1022,A
2016-03-10,1.1162,A
2016-03-11,1.118,A
2016-03-14,1.1107,A
2016-03-15,1.1112,A
2016-03-16,1.1075,A
2016-03-17,1.1316,A
2016-03-18,1.1292,A
2016-03-21,1.126,A
2016-03-22,1.1228,A
2016-03-23,1.1174,A
2016-03-24,1.1163,A
2016-03-25,1.1164,A
2016-03-28,1.121,A
2016-03-29,1.1204,A
2016-03-30,1.133,A
2016-03-31,1.139,A
2016-04-01,1.1385,A
2016-04-04,1.1386,A
2016-04-05,1.1374,A
2016-04-06,1.143,A
2016-04-07,1.1386,A
2016-04-08,1.1406,A
2016-04-11,1.1412,A
2016-04-12,1.1395,A
2016-04-13,1.1281,A
2016-04-14,1.1262,A
2016-04-15,1.1295,A
2016-04-18,1.1322,A
2016-04-19,1.1375,A
2016-04-20,1.133,A
2016-04-21,1.1301,A
2016-04-22,1.1239,A
2016-04-25,1.1274,A
2016-04-26,1.1318,A
2016-04-27,1.1322,A
2016-04-28,1.1325,A
2016-04-29,1.1441,A
2016-05-02,1.1516,A
2016-05-03,1.1508,A
2016-05-04,1.1486,A
2016-05-05,1.1404,A
2016-05-06,1.1421,A
2016-05-09,1.1402,A
2016-05-10,1.1386,A
2016-05-11,1.1444,A
2016-05-12,1.138,A
2016-05-13,1.1294,A
2016-05-16,1.1328,A
2016-05-17,1.1337,A
2016-05-18,1.1276,A
2016-05-19,1.1214,A
2016-05-20,1.1207,A
2016-05-23,1.1192,A
2016-05-24,1.1145,A
2016-05-25,1.1154,A
2016-05-26,1.1184,A
2016-05-27,1.114,A
2016-05-30,,ND
2016-05-31,1.1135,A
2016-06-01,1.1165,A
2016-06-02,1.1157,A
2016-06-03,1.133,A
2016-06-06,1.1354,A
2016-06-07,1.135,A
2016-06-08,1.14,A
2016-06-09,1.1329,A
2016-06-10,1.1281,A
2016-06-13,1.1282,A
2016-06-14,1.1206,A
2016-06-15,1.1239,A
2016-06-16,1.1158,A
2016-06-17,1.1256,A
2016-06-20,1.1318,A
2016-06-21,1.1262,A
2016-06-22,1.1286,A
2016-06-23,1.1373,A
2016-06-24,1.1126,A
2016-06-27,1.1024,A
2016-06-28,1.1054,A
2016-06-29,1.1117,A
2016-06-30,1.1032,A
2016-07-01,1.1145,A
2016-07-04,,ND
2016-07-05,1.108,A
2016-07-06,1.1077,A
2016-07-07,1.1065,A
2016-07-08,1.1038,A
2016-07-11,1.1045,A
2016-07-12,1.1074,A
2016-07-13,1.1112,A
2016-07-14,1.1109,A
2016-07-15,1.1059,A
2016-07-18,1.1076,A
2016-07-19,1.1014,A
2016-07-20,1.1007,A
2016-07-21,1.1016,A
2016-07-22,1.0968,A
2016-07-25,1.098,A
2016-07-26,1.0984,A
2016-07-27,1.0988,A
2016-07-28,1.1094,A
2016-07-29,1.1168,A
2016-08-01,1.1176,A
2016-08-02,1.1225,A
2016-08-03,1.117,A
2016-08-04,1.1134,A
2016-08-05,1.108,A
2016-08-08,1.1078,A
2016-08-09,1.111,A
2016-08-10,1.1171,A
2016-08-11,1.1168,A
2016-08-12,1.1172,A
2016-08-15,1.1199,A
2016-08-16,1.1277,A
2016-08-17,1.1263,A
2016-08-18,1.1334,A
2016-08-19,1.1326,A
2016-08-22,1.1314,A
2016-08-23,1.1308,A
2016-08-24,1.1256,A
2016-08-25,1.1274,A
2016-08-26,1.1237,A
2016-08-29,1.1182,A
2016-08-30,1.115,A
2016-08-31,1.1146,A
2016-09-01,1.1194,A
2016-09-02,1.1158,A
2016-09-05,,ND
2016-09-06,1.1237,A
2016-09-07,1.1238,A
2016-09-08,1.1256,A
2016-09-09,1.1214,A
2016-09-12,1.123,A
2016-09-13,1.1242,A
2016-09-14,1.1271,A
2016-09-15,1.1246,A
2016-09-16,1.116,A
2016-09-19,1.1179,A
2016-09-20,1.1172,A
2016-09-21,1.1165,A
2016-09-22,1.1229,A
2016-09-23,1.1223,A
2016-09-26,1.127,A
2016-09-27,1.1208,A
2016-09-28,1.12,A
2016-09-29,1.1244,A
2016-09-30,1.1238,A
2016-10-03,1.121,A
2016-10-04,1.1212,A
2016-10-05,1.1196,A
2016-10-06,1.1158,A
2016-10-07,1.1156,A
2016-10-10,,ND
2016-10-11,1.1062,A
2016-10-12,1.1014,A
2016-10-13,1.1038,A
2016-10-14,1.0985,A
2016-10-17,1.1,A
2016-10-18,1.0997,A
2016-10-19,1.0966,A
2016-10-20,1.0934,A
2016-10-21,1.0866,A
2016-10-24,1.0888,A
2016-10-25,1.089,A
2016-10-26,1.0916,A
2016-10-27,1.0904,A
2016-10-28,1.0934,A
2016-10-31,1.0962,A
2016-11-01,1.1042,A
2016-11-02,1.1119,A
2016-11-03,1.1094,A
2016-11-04,1.1121,A
2016-11-07,1.1038,A
2016-11-08,1.1034,A
2016-11-09,1.0952,A
2016-11-10,1.0882,A
2016-11-11,,ND
2016-11-14,1.0723,A
2016-11-15,1.0726,A
2016-11-16,1.0699,A
2016-11-17,1.0656,A
2016-11-18,1.06,A
2016-11-21,1.0597,A
2016-11-22,1.0618,A
2016-11-23,1.056,A
2016-11-24,,ND
2016-11-25,1.0595,A
2016-11-28,1.0576,A
2016-11-29,1.0626,A
2016-11-30,1.0578,A
2016-12-01,1.0634,A
2016-12-02,1.0666,A
2016-12-05,1.0723,A
2016-12-06,1.0717,A
2016-12-07,1.0758,A
2016-12-08,1.0625,A
2016-12-09,1.0541,A
2016-12-12,1.0606,A
2016-12-13,1.0635,A
2016-12-14,1.0656,A
2016-12-15,1.0375,A
2016-12-16,1.0456,A
2016-12-19,1.0444,A
2016-12-20,1.039,A
2016-12-21,1.0425,A
2016-12-22,1.0452,A
2016-12-23,1.0449,A
2016-12-26,,ND
2016-12-27,1.0458,A
2016-12-28,1.0389,A
2016-12-29,1.0486,A
2016-12-30,1.0552,A
2017-01-02,,ND
2017-01-03,1.0416,A
2017-01-04,1.0476,A
2017-01-05,1.0598,A
2017-01-06,1.056,A
2017-01-09,1.0576,A
2017-01-10,1.0572,A
2017-01-11,1.0501,A
2017-01-12,1.0666,A
2017-01-13,1.0625,A
2017-01-16,,ND
2017-01-17,1.0695,A
2017-01-18,1.0682,A
2017-01-19,1.063,A
2017-01-20,,ND
2017-01-23,1.074,A
2017-01-24,1.0749,A
2017-01-25,1.0743,A
2017-01-26,1.067,A
2017-01-27,1.069,A
2017-01-30,1.0681,A
2017-01-31,1.0794,A
2017-02-01,1.0758,A
2017-02-02,1.0802,A
2017-02-03,1.0792,A
2017-02-06,1.0731,A
2017-02-07,1.069,A
2017-02-08,1.0708,A
2017-02-09,1.0658,A
2017-02-10,1.065,A
2017-02-13,1.0603,A
2017-02-14,1.0577,A
2017-02-15,1.0597,A
2017-02-16,1.066,A
2017-02-17,1.0614,A
2017-02-20,,ND
2017-02-21,1.0551,A
2017-02-22,1.0555,A
2017-02-23,1.0586,A
2017-02-24,1.058,A
2017-02-27,1.0624,A
2017-02-28,1.0618,A
2017-03-01,1.0564,A
2017-03-02,1.0514,A
2017-03-03,1.0552,A
2017-03-06,1.0586,A
2017-03-07,1.0582,A
2017-03-08,1.0547,A
2017-03-09,1.0586,A
2017-03-10,1.0667,A
2017-03-13,1.067,A
2017-03-14,1.0645,A
2017-03-15,1.063,A
2017-03-16,1.0738,A
2017-03-17,1.0742,A
2017-03-20,1.0754,A
2017-03-21,1.081,A
2017-03-22,1.08,A
2017-03-23,1.0787,A
2017-03-24,1.0806,A
2017-03-27,1.0882,A
2017-03-28,1.0852,A
2017-03-29,1.0756,A
2017-03-30,1.0726,A
2017-03-31,1.0698,A
2017-04-03,1.0655,A
2017-04-04,1.0664,A
2017-04-05,1.0661,A
2017-04-06,1.0651,A
2017-04-07,1.0616,A
2017-04-10,1.0606,A
2017-04-11,1.0614,A
2017-04-12,1.0611,A
2017-04-13,1.063,A
2017-04-14,1.0625,A
2017-04-17,1.066,A
2017-04-18,1.0706,A
2017-04-19,1.0707,A
2017-04-20,1.0758,A
2017-04-21,1.0694,A
2017-04-24,1.0846,A
2017-04-25,1.0941,A
2017-04-26,1.0872,A
2017-04-27,1.0864,A
2017-04-28,1.0895,A
2017-05-01,1.0912,A
2017-05-02,1.091,A
2017-05-03,1.092,A
2017-05-04,1.0967,A
2017-05-05,1.0996,A
2017-05-08,1.0928,A
2017-05-09,1.0875,A
2017-05-10,1.0873,A
2017-05-11,1.0869,A
2017-05-12,1.0926,A
2017-05-15,1.0979,A
2017-05-16,1.1072,A
2017-05-17,1.1134,A
2017-05-18,1.113,A
2017-05-19,1.119,A
2017-05-22,1.1236,A
2017-05-23,1.1198,A
2017-05-24,1.1175,A
2017-05-25,1.1218,A
2017-05-26,1.117,A
2017-05-29,,ND
2017-05-30,1.1183,A
2017-05-31,1.1236,A
2017-06-01,1.1214,A
2017-06-02,1.127,A
2017-06-05,1.125,A
2017-06-06,1.1266,A
2017-06-07,1.1236,A
2017-06-08,1.1217,A
2017-06-09,1.119,A
2017-06-12,1.1204,A
2017-06-13,1.1194,A
2017-06-14,1.1277,A
2017-06-15,1.1152,A
2017-06-16,1.1194,A
2017-06-19,1.116,A
2017-06-20,1.1124,A
2017-06-21,1.1143,A
2017-06-22,1.1148,A
2017-06-23,1.1196,A
2017-06-26,1.1196,A
2017-06-27,1.13,A
2017-06-28,1.1364,A
2017-06-29,1.142,A
2017-06-30,1.1411,A
2017-07-03,1.1367,A
2017-07-04,,ND
2017-07-05,1.1336,A
2017-07-06,1.1409,A
2017-07-07,1.1396,A
2017-07-10,1.1396,A
2017-07-11,1.143,A
2017-07-12,1.1411,A
2017-07-13,1.1385,A
2017-07-14,1.1452,A
2017-07-17,1.147,A
2017-07-18,1.1578,A
2017-07-19,1.1518,A
2017-07-20,1.1634,A
2017-07-21,1.1655,A
2017-07-24,1.1642,A
2017-07-25,1.1656,A
2017-07-26,1.1632,A
2017-07-27,1.1656,A
2017-07-28,1.1754,A
2017-07-31,1.1826,A
2017-08-01,1.1799,A
2017-08-02,1.1861,A
2017-08-03,1.188,A
2017-08-04,1.1754,A
2017-08-07,1.1788,A
2017-08-08,1.1724,A
2017-08-09,1.1748,A
2017-08-10,1.1751,A
2017-08-11,1.1811,A
2017-08-14,1.1786,A
2017-08-15,1.1736,A
2017-08-16,1.1703,A
2017-08-17,1.1736,A
2017-08-18,1.1748,A
2017-08-21,1.1814,A
2017-08-22,1.1762,A
2017-08-23,1.1802,A
2017-08-24,1.1801,A
2017-08-25,1.1874,A
2017-08-28,1.1973,A
2017-08-29,1.2025,A
2017-08-30,1.1927,A
2017-08-31,1.1894,A
2017-09-01,1.1878,A
2017-09-04,,ND
2017-09-05,1.1911,A
2017-09-06,1.1943,A
2017-09-07,1.2028,A
2017-09-08,1.2041,A
2017-09-11,1.1964,A
2017-09-12,1.1968,A
2017-09-13,1.1898,A
2017-09-14,1.1886,A
2017-09-15,1.1959,A
2017-09-18,1.1938,A
2017-09-19,1.198,A
2017-09-20,1.1998,A
2017-09-21,1.1946,A
2017-09-22,1.1969,A
2017-09-25,1.1852,A
2017-09-26,1.1772,A
2017-09-27,1.1747,A
2017-09-28,1.1776,A
2017-09-29,1.1813,A
2017-10-02,1.1745,A
2017-10-03,1.1759,A
2017-10-04,1.176,A
2017-10-05,1.1706,A
2017-10-06,1.1732,A
2017-10-09,,ND
2017-10-10,1.1804,A
2017-10-11,1.1847,A
2017-10-12,1.184,A
2017-10-13,1.1837,A
2017-10-16,1.181,A
2017-10-17,1.1754,A
2017-10-18,1.1775,A
2017-10-19,1.1842,A
2017-10-20,1.177,A
2017-10-23,1.1762,A
2017-10-24,1.1766,A
2017-10-25,1.1802,A
2017-10-26,1.17,A
2017-10-27,1.158,A
2017-10-30,1.1626,A
2017-10-31,1.1648,A
2017-11-01,1.1618,A
2017-11-02,1.1672,A
2017-11-03,1.1616,A
2017-11-06,1.16,A
2017-11-07,1.1577,A
2017-11-08,1.1591,A
2017-11-09,1.1648,A
2017-11-10,,ND
2017-11-13,1.1656,A
2017-11-14,1.1764,A
2017-11-15,1.1794,A
2017-11-16,1.1772,A
2017-11-17,1.1799,A
2017-11-20,1.1741,A
2017-11-21,1.1741,A
2017-11-22,1.1789,A
2017-11-23,,ND
2017-11-24,1.1936,A
2017-11-27,1.1911,A
2017-11-28,1.1878,A
2017-11-29,1.1858,A
2017-11-30,1.1898,A
2017-12-01,1.191,A
2017-12-04,1.1848,A
2017-12-05,1.182,A
2017-12-06,1.1788,A
2017-12-07,1.179,A
2017-12-08,1.1761,A
2017-12-11,1.1802,A
2017-12-12,1.1725,A
2017-12-13,1.1762,A
2017-12-14,1.1778,A
2017-12-15,1.1778,A
2017-12-18,1.1804,A
2017-12-19,1.1822,A
2017-12-20,1.1881,A
2017-12-21,1.1872,A
2017-12-22,1.1839,A
2017-12-25,,ND
2017-12-26,1.1867,A
2017-12-27,1.1902,A
2017-12-28,1.1952,A
2017-12-29,1.2022,A
2018-01-01,,ND
2018-01-02,1.205,A
2018-01-03,1.203,A
2018-01-04,1.2064,A
2018-01-05,1.2039,A
2018-01-08,1.1973,A
2018-01-09,1.1922,A
2018-01-10,1.1958,A
2018-01-11,1.2035,A
2018-01-12,1.213,A
2018-01-15,,ND
2018-01-16,1.2244,A
2018-01-17,1.2229,A
2018-01-18,1.2238,A
2018-01-19,1.2238,A
2018-01-22,1.223,A
2018-01-23,1.2277,A
2018-01-24,1.239,A
2018-01-25,1.2488,A
2018-01-26,1.2422,A
2018-01-29,1.2352,A
2018-01-30,1.239,A
2018-01-31,1.2428,A
2018-02-01,1.2482,A
2018-02-02,1.2446,A
2018-02-05,1.2418,A
2018-02-06,1.2381,A
2018-02-07,1.2281,A
2018-02-08,1.2238,A
2018-02-09,1.2226,A
2018-02-12,1.2267,A
2018-02-13,1.2363,A
2018-02-14,1.2396,A
2018-02-15,1.2482,A
2018-02-16,1.2442,A
2018-02-19,,ND
2018-02-20,1.2348,A
2018-02-21,1.2314,A
2018-02-22,1.2326,A
2018-02-23,1.2298,A
2018-02-26,1.2296,A
2018-02-27,1.2239,A
2018-02-28,1.2211,A
2018-03-01,1.2216,A
2018-03-02,1.2314,A
2018-03-05,1.233,A
2018-03-06,1.2415,A
2018-03-07,1.2397,A
2018-03-08,1.2314,A
2018-03-09,1.2326,A
2018-03-12,1.2318,A
2018-03-13,1.2398,A
2018-03-14,1.2362,A
2018-03-15,1.2321,A
2018-03-16,1.228,A
2018-03-19,1.2329,A
2018-03-20,1.2271,A
2018-03-21,1.2268,A
2018-03-22,1.231,A
2018-03-23,1.236,A
2018-03-26,1.244,A
2018-03-27,1.241,A
2018-03-28,1.2351,A
2018-03-29,1.2297,A
2018-03-30,1.232,A
2018-04-02,1.2288,A
2018-04-03,1.2261,A
2018-04-04,1.2292,A
2018-04-05,1.223,A
2018-04-06,1.2274,A
2018-04-09,1.232,A
2018-04-10,1.2338,A
2018-04-11,1.2384,A
2018-04-12,1.232,A
2018-04-13,1.2322,A
2018-04-16,1.2373,A
2018-04-17,1.2345,A
2018-04-18,1.238,A
2018-04-19,1.2336,A
2018-04-20,1.2282,A
2018-04-23,1.2216,A
2018-04-24,1.2226,A
2018-04-25,1.2178,A
2018-04-26,1.2113,A
2018-04-27,1.2108,A
2018-04-30,1.2074,A
2018-05-01,1.2,A
2018-05-02,1.1968,A
2018-05-03,1.197,A
2018-05-04,1.1946,A
2018-05-07,1.1927,A
2018-05-08,1.1863,A
2018-05-09,1.1852,A
2018-05-10,1.1896,A
2018-05-11,1.1951,A
2018-05-14,1.1976,A
2018-05-15,1.1864,A
2018-05-16,1.1788,A
2018-05-17,1.1798,A
2018-05-18,1.1775,A
2018-05-21,1.1768,A
2018-05-22,1.1783,A
2018-05-23,1.1693,A
2018-05-24,1.1729,A
2018-05-25,1.1666,A
2018-05-28,,ND
2018-05-29,1.1551,A
2018-05-30,1.1664,A
2018-05-31,1.167,A
2018-06-01,1.1679,A
2018-06-04,1.1696,A
2018-06-05,1.1672,A
2018-06-06,1.1778,A
2018-06-07,1.1815,A
2018-06-08,1.1773,A
2018-06-11,1.1802,A
2018-06-12,1.1792,A
2018-06-13,1.1784,A
2018-06-14,1.1634,A
2018-06-15,1.1616,A
2018-06-18,1.1606,A
2018-06-19,1.1577,A
2018-06-20,1.1592,A
2018-06-21,1.16,A
2018-06-22,1.163,A
2018-06-25,1.1694,A
2018-06-26,1.1675,A
2018-06-27,1.1588,A
2018-06-28,1.1582,A
2018-06-29,1.1677,A
2018-07-02,1.1604,A
2018-07-03,1.1653,A
2018-07-04,,ND
2018-07-05,1.1697,A
2018-07-06,1.1738,A
2018-07-09,1.1744,A
2018-07-10,1.1728,A
2018-07-11,1.1722,A
2018-07-12,1.1692,A
2018-07-13,1.1667,A
2018-07-16,1.171,A
2018-07-17,1.1664,A
2018-07-18,1.1645,A
2018-07-19,1.1604,A
2018-07-20,1.1708,A
2018-07-23,1.1702,A
2018-07-24,1.1684,A
2018-07-25,1.1677,A
2018-07-26,1.1654,A
2018-07-27,1.166,A
2018-07-30,1.1718,A
2018-07-31,1.1706,A
2018-08-01,1.1666,A
2018-08-02,1.1612,A
2018-08-03,1.1597,A
2018-08-06,1.1564,A
2018-08-07,1.1597,A
2018-08-08,1.1598,A
2018-08-09,1.1566,A
2018-08-10,1.1399,A
2018-08-13,1.1396,A
2018-08-14,1.1351,A
2018-08-15,1.1332,A
2018-08-16,1.1388,A
2018-08-17,1.141,A
2018-08-20,1.1438,A
2018-08-21,1.1534,A
2018-08-22,1.1595,A
2018-08-23,1.1567,A
2018-08-24,1.1625,A
2018-08-27,1.1676,A
2018-08-28,1.172,A
2018-08-29,1.1699,A
2018-08-30,1.1646,A
2018-08-31,1.1596,A
2018-09-03,,ND
2018-09-04,1.1566,A
2018-09-05,1.162,A
2018-09-06,1.1624,A
2018-09-07,1.1572,A
2018-09-10,1.1604,A
2018-09-11,1.1591,A
2018-09-12,1.1626,A
2018-09-13,1.1672,A
2018-09-14,1.1656,A
2018-09-17,1.1687,A
2018-09-18,1.1693,A
2018-09-19,1.1685,A
2018-09-20,1.1744,A
2018-09-21,1.1739,A
2018-09-24,1.1773,A
2018-09-25,1.177,A
2018-09-26,1.1758,A
2018-09-27,1.167,A
2018-09-28,1.1622,A
2018-10-01,1.1567,A
2018-10-02,1.156,A
2018-10-03,1.1525,A
2018-10-04,1.1508,A
2018-10-05,1.1502,A
2018-10-08,,ND
2018-10-09,1.1482,A
2018-10-10,1.1541,A
2018-10-11,1.1565,A
2018-10-12,1.1559,A
2018-10-15,1.1594,A
2018-10-16,1.1593,A
2018-10-17,1.154,A
2018-10-18,1.1494,A
2018-10-19,1.1513,A
2018-10-22,1.1467,A
2018-10-23,1.148,A
2018-10-24,1.1389,A
2018-10-25,1.1374,A
2018-10-26,1.1388,A
2018-10-29,1.139,A
2018-10-30,1.1364,A
2018-10-31,1.1332,A
2018-11-01,1.1396,A
2018-11-02,1.1378,A
2018-11-05,1.1394,A
2018-11-06,1.1412,A
2018-11-07,1.1459,A
2018-11-08,1.1416,A
2018-11-09,1.1325,A
2018-11-12,,ND
2018-11-13,1.1288,A
2018-11-14,1.1312,A
2018-11-15,1.1324,A
2018-11-16,1.1402,A
2018-11-19,1.1448,A
2018-11-20,1.1391,A
2018-11-21,1.1393,A
2018-11-22,,ND
2018-11-23,1.1332,A
2018-11-26,1.1336,A
2018-11-27,1.1281,A
2018-11-28,1.1286,A
2018-11-29,1.1382,A
2018-11-30,1.1323,A
2018-12-03,1.1356,A
2018-12-04,1.1345,A
2018-12-05,,ND
2018-12-06,1.1374,A
2018-12-07,1.139,A
2018-12-10,1.1368,A
2018-12-11,1.1314,A
2018-12-12,1.1362,A
2018-12-13,1.1358,A
2018-12-14,1.13,A
2018-12-17,1.1339,A
2018-12-18,1.1364,A
2018-12-19,1.1422,A
2018-12-20,1.1432,A
2018-12-21,1.1402,A
2018-12-24,,ND
2018-12-25,,ND
2018-12-26,1.1408,A
2018-12-27,1.1412,A
2018-12-28,1.1445,A
2018-12-31,1.1456,A
2019-01-01,,ND
2019-01-02,1.1357,A
2019-01-03,1.1399,A
2019-01-04,1.141,A
2019-01-07,1.1468,A
2019-01-08,1.1444,A
2019-01-09,1.1524,A
2019-01-10,1.1517,A
2019-01-11,1.1479,A
2019-01-14,,ND
2019-01-15,1.1392,A
2019-01-16,1.1408,A
2019-01-17,1.1386,A
2019-01-18,1.1362,A
2019-01-21,,ND
2019-01-22,1.1359,A
2019-01-23,1.139,A
2019-01-24,1.1322,A
2019-01-25,1.1407,A
2019-01-28,1.1438,A
2019-01-29,1.1424,A
2019-01-30,1.1418,A
2019-01-31,1.1454,A
2019-02-01,1.1474,A
2019-02-04,1.1438,A
2019-02-05,1.1406,A
2019-02-06,1.138,A
2019-02-07,1.1357,A
2019-02-08,1.1326,A
2019-02-11,1.1277,A
2019-02-12,1.1316,A
2019-02-13,1.1288,A
2019-02-14,1.1284,A
2019-02-15,1.1268,A
2019-02-18,,ND
2019-02-19,1.1328,A
2019-02-20,,ND
2019-02-21,1.1338,A
2019-02-22,1.1342,A
2019-02-25,1.1345,A
2019-02-26,1.1374,A
2019-02-27,1.137,A
2019-02-28,1.1379,A
2019-03-01,1.1376,A
2019-03-04,1.1328,A
2019-03-05,1.13,A
2019-03-06,1.132,A
2019-03-07,1.1214,A
2019-03-08,1.1243,A
2019-03-11,1.1226,A
2019-03-12,1.1276,A
2019-03-13,1.131,A
2019-03-14,1.1304,A
2019-03-15,1.1326,A
2019-03-18,1.1337,A
2019-03-19,1.1346,A
2019-03-20,1.1352,A
2019-03-21,1.1361,A
2019-03-22,1.1282,A
2019-03-25,1.1324,A
2019-03-26,1.128,A
2019-03-27,1.125,A
2019-03-28,1.1236,A
2019-03-29,1.1228,A
2019-04-01,1.121,A
2019-04-02,1.1186,A
2019-04-03,1.1242,A
2019-04-04,1.1216,A
2019-04-05,1.1217,A
2019-04-08,1.1262,A
2019-04-09,1.1278,A
2019-04-10,1.1266,A
2019-04-11,1.1262,A
2019-04-12,1.1304,A
2019-04-15,1.1304,A
2019-04-16,1.1293,A
2019-04-17,1.1297,A
2019-04-18,1.1241,A
2019-04-19,1.1246,A
2019-04-22,1.1258,A
2019-04-23,1.1213,A
2019-04-24,1.1192,A
2019-04-25,1.114,A
2019-04-26,1.1154,A
2019-04-29,1.1166,A
2019-04-30,1.1201,A
2019-05-01,1.1246,A
2019-05-02,1.1184,A
2019-05-03,1.1186,A
2019-05-06,1.1197,A
2019-05-07,1.1178,A
2019-05-08,1.1206,A
2019-05-09,1.1228,A
2019-05-10,1.1241,A
2019-05-13,1.1232,A
2019-05-14,1.1207,A
2019-05-15,1.1208,A
2019-05-16,1.1178,A
2019-05-17,1.1166,A
2019-05-20,1.117,A
2019-05-21,1.1158,A
2019-05-22,1.1156,A
2019-05-23,1.1172,A
2019-05-24,1.1197,A
2019-05-27,,ND
2019-05-28,1.1177,A
2019-05-29,1.1136,A
2019-05-30,1.114,A
2019-05-31,1.1149,A
2019-06-03,1.1206,A
2019-06-04,1.1236,A
2019-06-05,1.1242,A
2019-06-06,1.1294,A
2019-06-07,1.1324,A
2019-06-10,1.1311,A
2019-06-11,1.1316,A
2019-06-12,1.131,A
2019-06-13,1.1275,A
2019-06-14,1.1217,A
2019-06-17,1.1235,A
2019-06-18,1.1196,A
2019-06-19,1.1214,A
2019-06-20,1.1284,A
2019-06-21,1.1328,A
2019-06-24,1.1393,A
2019-06-25,1.1386,A
2019-06-26,1.139,A
2019-06-27,1.1372,A
2019-06-28,1.1374,A
2019-07-01,1.1307,A
2019-07-02,1.1301,A
2019-07-03,1.1275,A
2019-07-04,,ND
2019-07-05,1.1216,A
2019-07-08,1.1208,A
2019-07-09,1.121,A
2019-07-10,1.126,A
2019-07-11,1.1261,A
2019-07-12,1.1254,A
2019-07-15,1.126,A
2019-07-16,1.1212,A
2019-07-17,1.1232,A
2019-07-18,1.1228,A
2019-07-19,1.122,A
2019-07-22,1.1214,A
2019-07-23,1.1156,A
2019-07-24,1.1141,A
2019-07-25,1.1156,A
2019-07-26,1.1121,A
2019-07-29,1.1142,A
2019-07-30,1.1148,A
2019-07-31,1.113,A
2019-08-01,1.1062,A
2019-08-02,1.1112,A
2019-08-05,1.1197,A
2019-08-06,1.1196,A
2019-08-07,1.1236,A
2019-08-08,1.121,A
2019-08-09,1.1222,A
2019-08-12,1.1212,A
2019-08-13,1.1182,A
2019-08-14,1.1144,A
2019-08-15,1.1106,A
2019-08-16,1.1091,A
2019-08-19,1.1096,A
2019-08-20,1.1092,A
2019-08-21,1.1098,A
2019-08-22,1.1089,A
2019-08-23,1.1148,A
2019-08-26,1.1112,A
2019-08-27,1.1094,A
2019-08-28,1.1084,A
2019-08-29,1.1059,A
2019-08-30,1.0989,A
2019-09-02,,ND
2019-09-03,1.0968,A
2019-09-04,1.1025,A
2019-09-05,1.1038,A
2019-09-06,1.1042,A
2019-09-09,1.1056,A
2019-09-10,1.1042,A
2019-09-11,1.1001,A
2019-09-12,1.1074,A
2019-09-13,1.1074,A
2019-09-16,1.1006,A
2019-09-17,1.1063,A
2019-09-18,1.1061,A
2019-09-19,1.1046,A
2019-09-20,1.1004,A
2019-09-23,1.0991,A
2019-09-24,1.0999,A
2019-09-25,1.0949,A
2019-09-26,1.0938,A
2019-09-27,1.0942,A
2019-09-30,1.0905,A
2019-10-01,1.0932,A
2019-10-02,1.0951,A
2019-10-03,1.0991,A
2019-10-04,1.0974,A
2019-10-07,1.0984,A
2019-10-08,1.0949,A
2019-10-09,1.0978,A
2019-10-10,1.1018,A
2019-10-11,1.1039,A
2019-10-14,,ND
2019-10-15,1.1036,A
2019-10-16,1.1075,A
2019-10-17,1.1129,A
2019-10-18,1.1155,A
2019-10-21,1.1145,A
2019-10-22,1.1138,A
2019-10-23,1.1118,A
2019-10-24,1.1098,A
2019-10-25,1.1081,A
2019-10-28,1.1094,A
2019-10-29,1.1117,A
2019-10-30,1.1123,A
2019-10-31,1.1155,A
2019-11-01,1.1169,A
2019-11-04,1.1144,A
2019-11-05,1.107,A
2019-11-06,1.1076,A
2019-11-07,1.1045,A
2019-11-08,1.1019,A
2019-11-11,,ND
2019-11-12,1.1017,A
2019-11-13,1.1004,A
2019-11-14,1.1016,A
2019-11-15,1.1046,A
2019-11-18,1.1079,A
2019-11-19,1.1075,A
2019-11-20,1.1063,A
2019-11-21,1.1067,A
2019-11-22,1.1029,A
2019-11-25,1.1009,A
2019-11-26,1.1012,A
2019-11-27,1.1002,A
2019-11-28,,ND
2019-11-29,1.1019,A
2019-12-02,1.1075,A
2019-12-03,1.1089,A
2019-12-04,1.1076,A
2019-12-05,1.1104,A
2019-12-06,1.1052,A
2019-12-09,1.1067,A
2019-12-10,1.109,A
2019-12-11,1.1092,A
2019-12-12,1.1115,A
2019-12-13,1.1128,A
2019-12-16,1.1139,A
2019-12-17,1.1148,A
2019-12-18,1.1113,A
2019-12-19,1.1128,A
2019-12-20,1.1076,A
2019-12-23,1.1091,A
2019-12-24,1.1084,A
2019-12-25,,ND
2019-12-26,1.1102,A
2019-12-27,1.1174,A
2019-12-30,1.1217,A
2019-12-31,1.1227,A
2020-01-01,,ND
2020-01-02,1.1166,A
2020-01-03,1.1173,A
2020-01-06,1.1187,A
2020-01-07,1.1138,A
2020-01-08,1.1117,A
2020-01-09,1.1106,A
2020-01-10,1.1119,A
2020-01-13,1.1138,A
2020-01-14,1.113,A
2020-01-15,1.116,A
2020-01-16,1.1131,A
2020-01-17,1.1093,A
2020-01-20,,ND
2020-01-21,1.1096,A
2020-01-22,1.1085,A
2020-01-23,1.1041,A
2020-01-24,1.1026,A
2020-01-27,1.1019,A
2020-01-28,1.1008,A
2020-01-29,1.1004,A
2020-01-30,1.1032,A
2020-01-31,1.1082,A
2020-02-03,1.1062,A
2020-02-04,1.1043,A
2020-02-05,1.1006,A
2020-02-06,1.0979,A
2020-02-07,1.095,A
2020-02-10,1.0916,A
2020-02-11,1.0917,A
2020-02-12,1.0893,A
2020-02-13,1.0848,A
2020-02-14,1.0839,A
2020-02-17,,ND
2020-02-18,1.0815,A
2020-02-19,1.0794,A
2020-02-20,1.0797,A
2020-02-21,1.0855,A
2020-02-24,1.0857,A
2020-02-25,1.0868,A
2020-02-26,1.0887,A
2020-02-27,1.0977,A
2020-02-28,1.1001,A
2020-03-02,1.1164,A
2020-03-03,1.1175,A
2020-03-04,1.113,A
2020-03-05,1.1202,A
2020-03-06,1.1319,A
2020-03-09,1.142,A
2020-03-10,1.1342,A
2020-03-11,1.128,A
2020-03-12,1.1081,A
2020-03-13,1.1066,A
2020-03-16,1.1139,A
2020-03-17,1.0971,A
2020-03-18,1.0833,A
2020-03-19,1.0699,A
2020-03-20,1.0682,A
2020-03-23,1.076,A
2020-03-24,1.0794,A
2020-03-25,1.0835,A
2020-03-26,1.1025,A
2020-03-27,1.1059,A
2020-03-30,1.1018,A
2020-03-31,1.1016,A
2020-04-01,1.0934,A
2020-04-02,1.0862,A
2020-04-03,1.0797,A
2020-04-06,1.0808,A
2020-04-07,1.0886,A
2020-04-08,1.0864,A
2020-04-09,1.0931,A
2020-04-10,1.0951,A
2020-04-13,1.0906,A
2020-04-14,1.0971,A
2020-04-15,1.0909,A
2020-04-16,1.084,A
2020-04-17,1.0883,A
2020-04-20,1.0874,A
2020-04-21,1.0854,A
2020-04-22,1.0829,A
2020-04-23,1.0815,A
2020-04-24,1.0798,A
2020-04-27,1.0829,A
2020-04-28,1.0836,A
2020-04-29,1.0853,A
2020-04-30,1.0934,A
2020-05-01,1.0998,A
2020-05-04,1.0911,A
2020-05-05,1.0844,A
2020-05-06,1.0806,A
2020-05-07,1.0815,A
2020-05-08,1.0854,A
2020-05-11,1.0818,A
2020-05-12,1.0864,A
2020-05-13,1.0837,A
2020-05-14,1.08,A
2020-05-15,1.0816,A
2020-05-18,1.0904,A
2020-05-19,1.0937,A
2020-05-20,1.098,A
2020-05-21,1.0953,A
2020-05-22,1.0894,A
2020-05-25,,ND
2020-05-26,1.097,A
2020-05-27,1.0969,A
2020-05-28,1.1069,A
2020-05-29,1.1107,A
2020-06-01,1.1123,A
2020-06-02,1.1166,A
2020-06-03,1.1246,A
2020-06-04,1.1322,A
2020-06-05,1.1297,A
2020-06-08,1.1293,A
2020-06-09,1.1348,A
2020-06-10,1.1355,A
2020-06-11,1.1378,A
2020-06-12,1.1253,A
2020-06-15,1.127,A
2020-06-16,1.1259,A
2020-06-17,1.1219,A
2020-06-18,1.1216,A
2020-06-19,1.1189,A
2020-06-22,1.126,A
2020-06-23,1.1322,A
2020-06-24,1.1272,A
2020-06-25,1.1221,A
2020-06-26,1.1215,A
2020-06-29,1.1237,A
2020-06-30,1.1237,A
2020-07-01,1.1259,A
2020-07-02,1.1237,A
2020-07-03,,ND
2020-07-06,1.1307,A
2020-07-07,1.1299,A
2020-07-08,1.1329,A
2020-07-09,1.1298,A
2020-07-10,1.1318,A
2020-07-13,1.1364,A
2020-07-14,1.1406,A
2020-07-15,1.1406,A
2020-07-16,1.1433,A
2020-07-17,1.1438,A
2020-07-20,1.1442,A
2020-07-21,1.1495,A
2020-07-22,1.1587,A
2020-07-23,1.1623,A
2020-07-24,1.1635,A
2020-07-27,1.175,A
2020-07-28,1.1733,A
2020-07-29,1.177,A
2020-07-30,1.1791,A
2020-07-31,1.1822,A
2020-08-03,1.175,A
2020-08-04,1.1766,A
2020-08-05,1.1898,A
2020-08-06,1.1856,A
2020-08-07,1.1776,A
2020-08-10,1.1756,A
2020-08-11,1.1764,A
2020-08-12,1.1796,A
2020-08-13,1.1818,A
2020-08-14,1.1833,A
2020-08-17,1.1869,A
2020-08-18,1.1928,A
2020-08-19,1.1898,A
2020-08-20,1.1862,A
2020-08-21,1.1775,A
2020-08-24,1.1803,A
2020-08-25,1.1818,A
2020-08-26,1.1813,A
2020-08-27,1.1824,A
2020-08-28,1.1901,A
2020-08-31,1.195,A
2020-09-01,1.1949,A
2020-09-02,1.184,A
2020-09-03,1.1832,A
2020-09-04,1.182,A
2020-09-07,,ND
2020-09-08,1.1789,A
2020-09-09,1.181,A
2020-09-10,1.188,A
2020-09-11,1.1831,A
2020-09-14,1.1874,A
2020-09-15,1.1846,A
2020-09-16,1.1835,A
2020-09-17,1.1823,A
2020-09-18,1.1857,A
2020-09-21,1.1737,A
2020-09-22,1.1703,A
2020-09-23,1.1677,A
2020-09-24,1.1666,A
2020-09-25,1.1618,A
2020-09-28,1.166,A
2020-09-29,1.1717,A
2020-09-30,1.1723,A
2020-10-01,1.1752,A
2020-10-02,1.1706,A
2020-10-05,1.1784,A
2020-10-06,1.1778,A
2020-10-07,1.1766,A
2020-10-08,1.1753,A
2020-10-09,1.1819,A
2020-10-12,,ND
2020-10-13,1.1737,A
2020-10-14,1.1755,A
2020-10-15,1.1701,A
2020-10-16,1.1717,A
2020-10-19,1.1788,A
2020-10-20,1.1824,A
2020-10-21,1.187,A
2020-10-22,1.1824,A
2020-10-23,1.1844,A
2020-10-26,1.1816,A
2020-10-27,1.1834,A
2020-10-28,1.1751,A
2020-10-29,1.1658,A
2020-10-30,1.1647,A
2020-11-02,1.1634,A
2020-11-03,1.1724,A
2020-11-04,1.173,A
2020-11-05,1.1809,A
2020-11-06,1.1886,A
2020-11-09,1.1811,A
2020-11-10,1.181,A
2020-11-11,,ND
2020-11-12,1.1814,A
2020-11-13,1.1824,A
2020-11-16,1.1844,A
2020-11-17,1.1862,A
2020-11-18,1.1869,A
2020-11-19,1.1843,A
2020-11-20,1.1857,A
2020-11-23,1.1826,A
2020-11-24,1.1874,A
2020-11-25,1.1908,A
2020-11-26,,ND
2020-11-27,,ND
2020-11-30,1.1948,A
2020-12-01,1.2039,A
2020-12-02,1.2093,A
2020-12-03,1.2152,A
2020-12-04,1.2142,A
2020-12-07,1.2138,A
2020-12-08,1.2111,A
2020-12-09,1.208,A
2020-12-10,1.2118,A
2020-12-11,1.2112,A
2020-12-14,1.2145,A
2020-12-15,1.2158,A
2020-12-16,1.2175,A
2020-12-17,1.2258,A
2020-12-18,1.2236,A
2020-12-21,1.223,A
2020-12-22,1.2172,A
2020-12-23,1.2194,A
2020-12-24,,ND
2020-12-25,,ND
2020-12-28,1.2213,A
2020-12-29,1.2252,A
2020-12-30,1.228,A
2020-12-31,1.223,A
2021-01-01,,ND
2021-01-04,1.2254,A
2021-01-05,1.2295,A
2021-01-06,1.229,A
2021-01-07,1.2265,A
2021-01-08,1.2252,A
2021-01-11,1.2169,A
2021-01-12,1.2168,A
2021-01-13,1.2159,A
2021-01-14,1.2156,A
2021-01-15,1.2099,A
2021-01-18,,ND
2021-01-19,1.2126,A
2021-01-20,,ND
2021-01-21,1.2143,A
2021-01-22,1.2179,A
2021-01-25,1.2138,A
2021-01-26,1.2147,A
2021-01-27,1.2101,A
2021-01-28,1.2122,A
2021-01-29,1.2135,A
2021-02-01,1.207,A
2021-02-02,1.202,A
2021-02-03,1.2025,A
2021-02-04,1.1974,A
2021-02-05,1.2035,A
2021-02-08,1.2045,A
2021-02-09,1.2106,A
2021-02-10,1.2132,A
2021-02-11,1.2127,A
2021-02-12,1.2126,A
2021-02-15,,ND
2021-02-16,1.2107,A
2021-02-17,1.2042,A
2021-02-18,1.2078,A
2021-02-19,1.2136,A
2021-02-22,1.2155,A
2021-02-23,1.2142,A
2021-02-24,1.2143,A
2021-02-25,1.2229,A
2021-02-26,1.2093,A
2021-03-01,1.2054,A
2021-03-02,1.2079,A
2021-03-03,1.2073,A
2021-03-04,1.2045,A
2021-03-05,1.1914,A
2021-03-08,1.1849,A
2021-03-09,1.1885,A
2021-03-10,1.19,A
2021-03-11,1.1978,A
2021-03-12,1.1952,A
2021-03-15,1.1917,A
2021-03-16,1.1895,A
2021-03-17,1.1905,A
2021-03-18,1.1926,A
2021-03-19,1.1909,A
2021-03-22,1.1932,A
2021-03-23,1.1872,A
2021-03-24,1.1831,A
2021-03-25,1.1777,A
2021-03-26,1.1798,A
2021-03-29,1.1779,A
2021-03-30,1.1724,A
2021-03-31,1.1743,A
2021-04-01,1.1772,A
2021-04-02,1.1763,A
2021-04-05,1.181,A
2021-04-06,1.1852,A
2021-04-07,1.189,A
2021-04-08,1.1904,A
2021-04-09,1.1897,A
2021-04-12,1.1907,A
2021-04-13,1.1939,A
2021-04-14,1.1974,A
2021-04-15,1.1964,A
2021-04-16,1.198,A
2021-04-19,1.2028,A
2021-04-20,1.2045,A
2021-04-21,1.2033,A
2021-04-22,1.2012,A
2021-04-23,1.2069,A
2021-04-26,1.2083,A
2021-04-27,1.2079,A
2021-04-28,1.2098,A
2021-04-29,1.211,A
2021-04-30,1.203,A
2021-05-03,1.2059,A
2021-05-04,1.2014,A
2021-05-05,1.2003,A
2021-05-06,1.2049,A
2021-05-07,1.2165,A
2021-05-10,1.217,A
2021-05-11,1.2169,A
2021-05-12,1.2074,A
2021-05-13,1.207,A
2021-05-14,1.2141,A
2021-05-17,1.2155,A
2021-05-18,1.2203,A
2021-05-19,1.2216,A
2021-05-20,1.2225,A
2021-05-21,1.2178,A
2021-05-24,1.221,A
2021-05-25,1.2233,A
2021-05-26,1.2204,A
2021-05-27,1.2194,A
2021-05-28,1.2194,A
2021-05-31,,ND
2021-06-01,1.2241,A
2021-06-02,1.2213,A
2021-06-03,1.2122,A
2021-06-04,1.2173,A
2021-06-07,1.22,A
2021-06-08,1.218,A
2021-06-09,1.2184,A
2021-06-10,1.2173,A
2021-06-11,1.2101,A
2021-06-14,1.2126,A
2021-06-15,1.212,A
2021-06-16,1.2119,A
2021-06-17,1.1911,A
2021-06-18,1.1872,A
2021-06-21,1.1909,A
2021-06-22,1.191,A
2021-06-23,1.195,A
2021-06-24,1.1927,A
2021-06-25,1.194,A
2021-06-28,1.1938,A
2021-06-29,1.1905,A
2021-06-30,1.1848,A
2021-07-01,1.1857,A
2021-07-02,1.1848,A
2021-07-05,,ND
2021-07-06,1.1816,A
2021-07-07,1.1803,A
2021-07-08,1.184,A
2021-07-09,1.1861,A
2021-07-12,1.1858,A
2021-07-13,1.1813,A
2021-07-14,1.1826,A
2021-07-15,1.1806,A
2021-07-16,1.181,A
2021-07-19,1.1804,A
2021-07-20,1.1776,A
2021-07-21,1.1799,A
2021-07-22,1.1771,A
2021-07-23,1.1761,A
2021-07-26,1.181,A
2021-07-27,1.1831,A
2021-07-28,1.1809,A
2021-07-29,1.1886,A
2021-07-30,1.1864,A
2021-08-02,1.1873,A
2021-08-03,1.1859,A
2021-08-04,1.1841,A
2021-08-05,1.1838,A
2021-08-06,1.1761,A
2021-08-09,1.1749,A
2021-08-10,1.1722,A
2021-08-11,1.1737,A
2021-08-12,1.1736,A
2021-08-13,1.1796,A
2021-08-16,1.1776,A
2021-08-17,1.1714,A
2021-08-18,1.1702,A
2021-08-19,1.1693,A
2021-08-20,1.169,A
2021-08-23,1.1732,A
2021-08-24,1.1746,A
2021-08-25,1.1758,A
2021-08-26,1.1761,A
2021-08-27,1.1794,A
2021-08-30,1.1795,A
2021-08-31,1.18,A
2021-09-01,1.185,A
2021-09-02,1.1858,A
2021-09-03,1.1884,A
2021-09-06,,ND
2021-09-07,1.1849,A
2021-09-08,1.1818,A
2021-09-09,1.1827,A
2021-09-10,1.1821,A
2021-09-13,1.1809,A
2021-09-14,1.1824,A
2021-09-15,1.1811,A
2021-09-16,1.1764,A
2021-09-17,1.1734,A
2021-09-20,1.1729,A
2021-09-21,1.1724,A
2021-09-22,1.1739,A
2021-09-23,1.1735,A
2021-09-24,1.1715,A
2021-09-27,1.1702,A
2021-09-28,1.1681,A
2021-09-29,1.1612,A
2021-09-30,1.1577,A
2021-10-01,1.1598,A
2021-10-04,1.1622,A
2021-10-05,1.1609,A
2021-10-06,1.1546,A
2021-10-07,1.1561,A
2021-10-08,1.1572,A
2021-10-11,,ND
2021-10-12,1.1541,A
2021-10-13,1.1568,A
2021-10-14,1.1591,A
2021-10-15,1.1594,A
2021-10-18,1.1609,A
2021-10-19,1.1632,A
2021-10-20,1.1643,A
2021-10-21,1.1643,A
2021-10-22,1.1632,A
2021-10-25,1.1609,A
2021-10-26,1.159,A
2021-10-27,1.16,A
2021-10-28,1.1685,A
2021-10-29,1.1552,A
2021-11-01,1.1591,A
2021-11-02,1.1581,A
2021-11-03,1.1584,A
2021-11-04,1.1546,A
2021-11-05,1.1554,A
2021-11-08,1.159,A
2021-11-09,1.1589,A
2021-11-10,1.1517,A
2021-11-11,,ND
2021-11-12,1.1443,A
2021-11-15,1.1421,A
2021-11-16,1.1333,A
2021-11-17,1.1322,A
2021-11-18,1.1358,A
2021-11-19,1.1318,A
2021-11-22,1.126,A
2021-11-23,1.1265,A
2021-11-24,1.1196,A
2021-11-25,,ND
2021-11-26,1.1302,A
2021-11-29,1.1261,A
2021-11-30,1.1287,A
2021-12-01,1.1323,A
2021-12-02,1.1306,A
2021-12-03,1.1308,A
2021-12-06,1.1282,A
2021-12-07,1.1247,A
2021-12-08,1.133,A
2021-12-09,1.1285,A
2021-12-10,1.1312,A
2021-12-13,1.1298,A
2021-12-14,1.1267,A
2021-12-15,1.1261,A
2021-12-16,1.1309,A
2021-12-17,1.1277,A
2021-12-20,1.1298,A
2021-12-21,1.1272,A
2021-12-22,1.1324,A
2021-12-23,1.132,A
2021-12-24,,ND
2021-12-27,1.1329,A
2021-12-28,1.1314,A
2021-12-29,1.1337,A
2021-12-30,1.1318,A
2021-12-31,,ND
2022-01-03,1.129,A
2022-01-04,1.1296,A
2022-01-05,1.1335,A
2022-01-06,1.1307,A
2022-01-07,1.1358,A
2022-01-10,1.1328,A
2022-01-11,1.1363,A
2022-01-12,1.1431,A
2022-01-13,1.1464,A
2022-01-14,1.1414,A
2022-01-17,,ND
2022-01-18,1.1336,A
2022-01-19,1.1346,A
2022-01-20,1.1336,A
2022-01-21,1.1346,A
2022-01-24,1.131,A
2022-01-25,1.1283,A
2022-01-26,1.1279,A
2022-01-27,1.1141,A
2022-01-28,1.116,A
2022-01-31,1.1212,A
2022-02-01,1.1239,A
2022-02-02,1.1299,A
2022-02-03,1.1425,A
2022-02-04,1.1455,A
2022-02-07,1.1434,A
2022-02-08,1.1416,A
2022-02-09,1.1435,A
2022-02-10,1.1487,A
2022-02-11,1.1404,A
2022-02-14,1.1306,A
2022-02-15,1.1363,A
2022-02-16,1.1381,A
2022-02-17,1.1364,A
2022-02-18,1.1327,A
2022-02-21,,ND
2022-02-22,1.1342,A
2022-02-23,1.1316,A
2022-02-24,1.1154,A
2022-02-25,1.1261,A
2022-02-28,1.1224,A
2022-03-01,1.1103,A
2022-03-02,1.1102,A
2022-03-03,1.1053,A
2022-03-04,1.0912,A
2022-03-07,1.086,A
2022-03-08,1.0881,A
2022-03-09,1.1069,A
2022-03-10,1.1007,A
2022-03-11,1.0937,A
2022-03-14,1.0979,A
2022-03-15,1.0974,A
2022-03-16,1.0996,A
2022-03-17,1.111,A
2022-03-18,1.1044,A
2022-03-21,1.1048,A
2022-03-22,1.1022,A
2022-03-23,1.1001,A
2022-03-24,1.1006,A
2022-03-25,1.0985,A
2022-03-28,1.0977,A
2022-03-29,1.1104,A
2022-03-30,1.1163,A
2022-03-31,1.1093,A
2022-04-01,1.1043,A
2022-04-04,1.0992,A
2022-04-05,1.0921,A
2022-04-06,1.0913,A
2022-04-07,1.09,A
2022-04-08,1.0874,A
2022-04-11,1.0875,A
2022-04-12,1.0852,A
2022-04-13,1.0874,A
2022-04-14,1.0796,A
2022-04-15,1.0812,A
2022-04-18,1.0785,A
2022-04-19,1.0789,A
2022-04-20,1.0857,A
2022-04-21,1.0839,A
2022-04-22,1.079,A
2022-04-25,1.0703,A
2022-04-26,1.0661,A
2022-04-27,1.0549,A
2022-04-28,1.05,A
2022-04-29,1.0537,A
2022-05-02,1.0521,A
2022-05-03,1.0532,A
2022-05-04,1.0539,A
2022-05-05,1.0507,A
2022-05-06,1.0572,A
2022-05-09,1.0559,A
2022-05-10,1.0531,A
2022-05-11,1.0537,A
2022-05-12,1.0376,A
2022-05-13,1.041,A
2022-05-16,1.042,A
2022-05-17,1.0532,A
2022-05-18,1.0494,A
2022-05-19,1.0587,A
2022-05-20,1.0559,A
2022-05-23,1.0668,A
2022-05-24,1.0744,A
2022-05-25,1.0658,A
2022-05-26,1.0725,A
2022-05-27,1.0709,A
2022-05-30,,ND
2022-05-31,1.0731,A
2022-06-01,1.0646,A
2022-06-02,1.0733,A
2022-06-03,1.0721,A
2022-06-06,1.0699,A
2022-06-07,1.0697,A
2022-06-08,1.074,A
2022-06-09,1.0656,A
2022-06-10,1.0521,A
2022-06-13,1.0436,A
2022-06-14,1.0416,A
2022-06-15,1.0388,A
2022-06-16,1.0531,A
2022-06-17,1.0473,A
2022-06-20,,ND
2022-06-21,1.0548,A
2022-06-22,1.0583,A
2022-06-23,1.0503,A
2022-06-24,1.0539,A
2022-06-27,1.0601,A
2022-06-28,1.0534,A
2022-06-29,1.0477,A
2022-06-30,1.0469,A
2022-07-01,1.0409,A
2022-07-04,,ND
2022-07-05,1.0254,A
2022-07-06,1.0173,A
2022-07-07,1.0159,A
2022-07-08,1.0178,A
2022-07-11,1.0088,A
2022-07-12,1.0069,A
2022-07-13,1.0081,A
2022-07-14,1.0028,A
2022-07-15,1.0089,A
2022-07-18,1.016,A
2022-07-19,1.0238,A
2022-07-20,1.0217,A
2022-07-21,1.0197,A
2022-07-22,1.0225,A
2022-07-25,1.0211,A
2022-07-26,1.0116,A
2022-07-27,1.0108,A
2022-07-28,1.0163,A
2022-07-29,1.0202,A
2022-08-01,1.027,A
2022-08-02,1.0194,A
2022-08-03,1.0146,A
2022-08-04,1.0221,A
2022-08-05,1.017,A
2022-08-08,1.0207,A
2022-08-09,1.0226,A
2022-08-10,1.0337,A
2022-08-11,1.0338,A
2022-08-12,1.0257,A
2022-08-15,1.0186,A
2022-08-16,1.0174,A
2022-08-17,1.0164,A
2022-08-18,1.0114,A
2022-08-19,1.0039,A
2022-08-22,0.9936,A
2022-08-23,0.9976,A
2022-08-24,0.9967,A
2022-08-25,0.9959,A
2022-08-26,0.9998,A
2022-08-29,1,A
2022-08-30,1.0018,A
2022-08-31,1.0065,A
2022-09-01,0.995,A
2022-09-02,1.003,A
2022-09-05,,ND
2022-09-06,0.9914,A
2022-09-07,0.9942,A
2022-09-08,0.9956,A
2022-09-09,1.0046,A
2022-09-12,1.0129,A
2022-09-13,0.9997,A
2022-09-14,0.9993,A
2022-09-15,0.9991,A
2022-09-16,1.0013,A
2022-09-19,1.0003,A
2022-09-20,0.9994,A
2022-09-21,0.988,A
2022-09-22,0.9841,A
2022-09-23,0.9719,A
2022-09-26,0.9623,A
2022-09-27,0.9616,A
2022-09-28,0.9681,A
2022-09-29,0.9774,A
2022-09-30,0.9783,A
2022-10-03,0.9809,A
2022-10-04,0.9977,A
2022-10-05,0.9866,A
2022-10-06,0.9806,A
2022-10-07,0.9785,A
2022-10-10,,ND
2022-10-11,0.9757,A
2022-10-12,0.9692,A
2022-10-13,0.978,A
2022-10-14,0.9739,A
2022-10-17,0.9843,A
2022-10-18,0.9842,A
2022-10-19,0.978,A
2022-10-20,0.9823,A
2022-10-21,0.9855,A
2022-10-24,0.9874,A
2022-10-25,0.9959,A
2022-10-26,1.0068,A
2022-10-27,0.9985,A
2022-10-28,0.9934,A
2022-10-31,0.9885,A
2022-11-01,0.9871,A
2022-11-02,0.9875,A
2022-11-03,0.9759,A
2022-11-04,0.9895,A
2022-11-07,0.9997,A
2022-11-08,1.0089,A
2022-11-09,1.0037,A
2022-11-10,1.0176,A
2022-11-11,,ND
2022-11-14,1.0337,A
2022-11-15,1.0372,A
2022-11-16,1.0395,A
2022-11-17,1.0341,A
2022-11-18,1.0349,A
2022-11-21,1.0238,A
2022-11-22,1.0276,A
2022-11-23,1.0364,A
2022-11-24,,ND
2022-11-25,1.0402,A
2022-11-28,1.0386,A
2022-11-29,1.0356,A
2022-11-30,1.0323,A
2022-12-01,1.0498,A
2022-12-02,1.0521,A
2022-12-05,1.0494,A
2022-12-06,1.0497,A
2022-12-07,1.0505,A
2022-12-08,1.0552,A
2022-12-09,1.055,A
2022-12-12,1.0545,A
2022-12-13,1.063,A
2022-12-14,1.0655,A
2022-12-15,1.0638,A
2022-12-16,1.061,A
2022-12-19,1.0624,A
2022-12-20,1.0635,A
2022-12-21,1.0599,A
2022-12-22,1.0588,A
2022-12-23,1.0621,A
2022-12-26,,ND
2022-12-27,1.0654,A
2022-12-28,1.0622,A
2022-12-29,1.0668,A
2022-12-30,1.0698,A
2023-01-02,,ND
2023-01-03,1.0559,A
2023-01-04,1.062,A
2023-01-05,1.0522,A
2023-01-06,1.0619,A
2023-01-09,1.0759,A
2023-01-10,1.0737,A
2023-01-11,1.074,A
2023-01-12,1.0823,A
2023-01-13,1.0811,A
2023-01-16,,ND
2023-01-17,1.0793,A
2023-01-18,1.0827,A
2023-01-19,1.081,A
2023-01-20,1.0831,A
2023-01-23,1.0865,A
2023-01-24,1.0873,A
2023-01-25,1.0901,A
2023-01-26,1.0866,A
2023-01-27,1.0857,A
2023-01-30,1.0867,A
2023-01-31,1.0858,A
2023-02-01,1.0917,A
2023-02-02,1.0918,A
2023-02-03,1.0825,A
2023-02-06,1.0722,A
2023-02-07,1.0705,A
2023-02-08,1.0734,A
2023-02-09,1.0761,A
2023-02-10,1.067,A
2023-02-13,1.0718,A
2023-02-14,1.0722,A
2023-02-15,1.0683,A
2023-02-16,1.0684,A
2023-02-17,1.0678,A
2023-02-20,,ND
2023-02-21,1.0657,A
2023-02-22,1.0623,A
2023-02-23,1.0583,A
2023-02-24,1.0545,A
2023-02-27,1.0596,A
2023-02-28,1.0602,A
2023-03-01,1.0674,A
2023-03-02,1.0595,A
2023-03-03,1.0616,A
2023-03-06,1.0694,A
2023-03-07,1.0573,A
2023-03-08,1.0549,A
2023-03-09,1.0577,A
2023-03-10,1.0659,A
2023-03-13,1.0733,A
2023-03-14,1.0722,A
2023-03-15,1.0535,A
2023-03-16,1.0622,A
2023-03-17,1.0647,A
2023-03-20,1.0722,A
2023-03-21,1.0769,A
2023-03-22,1.0792,A
2023-03-23,1.089,A
2023-03-24,1.0762,A
2023-03-27,1.0789,A
2023-03-28,1.0844,A
2023-03-29,1.0826,A
2023-03-30,1.0899,A
2023-03-31,1.0872,A
2023-04-03,1.0891,A
2023-04-04,1.0951,A
2023-04-05,1.0918,A
2023-04-06,1.0927,A
2023-04-07,1.0913,A
2023-04-10,1.084,A
2023-04-11,1.0906,A
2023-04-12,1.0987,A
2023-04-13,1.1054,A
2023-04-14,1.098,A
2023-04-17,1.0915,A
2023-04-18,1.0958,A
2023-04-19,1.0953,A
2023-04-20,1.097,A
2023-04-21,1.0973,A
2023-04-24,1.1027,A
2023-04-25,1.0968,A
2023-04-26,1.1052,A
2023-04-27,1.1017,A
2023-04-28,1.104,A
2023-05-01,1.097,A
2023-05-02,1.0997,A
2023-05-03,1.1049,A
2023-05-04,1.1009,A
2023-05-05,1.1026,A
2023-05-08,1.102,A
2023-05-09,1.0953,A
2023-05-10,1.0966,A
2023-05-11,1.0916,A
2023-05-12,1.0856,A
2023-05-15,1.0874,A
2023-05-16,1.0866,A
2023-05-17,1.083,A
2023-05-18,1.0776,A
2023-05-19,1.0819,A
2023-05-22,1.0806,A
2023-05-23,1.0771,A
2023-05-24,1.0758,A
2023-05-25,1.0725,A
2023-05-26,1.0713,A
2023-05-29,,ND
2023-05-30,1.0722,A
2023-05-31,1.0654,A
2023-06-01,1.0752,A
2023-06-02,1.0724,A
2023-06-05,1.0721,A
2023-06-06,1.0695,A
2023-06-07,1.0702,A
2023-06-08,1.078,A
2023-06-09,1.0749,A
2023-06-12,1.0747,A
2023-06-13,1.0792,A
2023-06-14,1.0859,A
2023-06-15,1.0933,A
2023-06-16,1.0925,A
2023-06-19,,ND
2023-06-20,1.09,A
2023-06-21,1.0951,A
2023-06-22,1.0953,A
2023-06-23,1.0887,A
2023-06-26,1.091,A
2023-06-27,1.0961,A
2023-06-28,1.0904,A
2023-06-29,1.0881,A
2023-06-30,1.092,A
2023-07-03,1.0919,A
2023-07-04,,ND
2023-07-05,1.0868,A
2023-07-06,1.0873,A
2023-07-07,1.0964,A
2023-07-10,1.0991,A
2023-07-11,1.0992,A
2023-07-12,1.1123,A
2023-07-13,1.1194,A
2023-07-14,1.1237,A
2023-07-17,1.1236,A
2023-07-18,1.1223,A
2023-07-19,1.1195,A
2023-07-20,1.1135,A
2023-07-21,1.112,A
2023-07-24,1.1083,A
2023-07-25,1.105,A
2023-07-26,1.1078,A
2023-07-27,1.0998,A
2023-07-28,1.1039,A
2023-07-31,1.102,A
2023-08-01,1.0971,A
2023-08-02,1.0939,A
2023-08-03,1.0947,A
2023-08-04,1.1036,A
2023-08-07,1.1,A
2023-08-08,1.0951,A
2023-08-09,1.0975,A
2023-08-10,1.1016,A
2023-08-11,1.0957,A
2023-08-14,1.0922,A
2023-08-15,1.0928,A
2023-08-16,1.0904,A
2023-08-17,1.0874,A
2023-08-18,1.0875,A
2023-08-21,1.0888,A
2023-08-22,1.0846,A
2023-08-23,1.0862,A
2023-08-24,1.0826,A
2023-08-25,1.0787,A
2023-08-28,1.081,A
2023-08-29,1.0851,A
2023-08-30,1.0926,A
2023-08-31,1.0839,A
2023-09-01,1.0787,A
2023-09-04,,ND
2023-09-05,1.0727,A
2023-09-06,1.0714,A
2023-09-07,1.0704,A
2023-09-08,1.0709,A
2023-09-11,1.0744,A
2023-09-12,1.0726,A
2023-09-13,1.0737,A
2023-09-14,1.066,A
2023-09-15,1.0673,A
2023-09-18,1.0695,A
2023-09-19,1.0684,A
2023-09-20,1.0715,A
2023-09-21,1.0664,A
2023-09-22,1.066,A
2023-09-25,1.0591,A
2023-09-26,1.0573,A
2023-09-27,1.051,A
2023-09-28,1.0578,A
2023-09-29,1.0584,A
2023-10-02,1.05,A
2023-10-03,1.0453,A
2023-10-04,1.0518,A
2023-10-05,1.0527,A
2023-10-06,1.0596,A
2023-10-09,,ND
2023-10-10,1.0618,A
2023-10-11,1.062,A
2023-10-12,1.0553,A
2023-10-13,1.0502,A
2023-10-16,1.0546,A
2023-10-17,1.0593,A
2023-10-18,1.0532,A
2023-10-19,1.057,A
2023-10-20,1.0592,A
2023-10-23,1.0646,A
2023-10-24,1.0595,A
2023-10-25,1.0583,A
2023-10-26,1.0532,A
2023-10-27,1.0592,A
2023-10-30,1.062,A
2023-10-31,1.0568,A
2023-11-01,1.0538,A
2023-11-02,1.0618,A
2023-11-03,1.0733,A
2023-11-06,1.0747,A
2023-11-07,1.0687,A
2023-11-08,1.0715,A
2023-11-09,1.071,A
2023-11-10,,ND
2023-11-13,1.07,A
2023-11-14,1.0861,A
2023-11-15,1.0853,A
2023-11-16,1.0851,A
2023-11-17,1.0879,A
2023-11-20,1.0945,A
2023-11-21,1.0923,A
2023-11-22,1.0871,A
2023-11-23,,ND
2023-11-24,1.0934,A
2023-11-27,1.0937,A
2023-11-28,1.1007,A
2023-11-29,1.0969,A
2023-11-30,1.0908,A
2023-12-01,1.0878,A
2023-12-04,1.0824,A
2023-12-05,1.0787,A
2023-12-06,1.079,A
2023-12-07,1.0794,A
2023-12-08,1.0746,A
2023-12-11,1.0747,A
2023-12-12,1.079,A
2023-12-13,1.0793,A
2023-12-14,1.0997,A
2023-12-15,1.0906,A
2023-12-18,1.092,A
2023-12-19,1.0977,A
2023-12-20,1.0957,A
2023-12-21,1.099,A
2023-12-22,1.1008,A
2023-12-25,,ND
2023-12-26,1.1035,A
2023-12-27,1.1114,A
2023-12-28,1.1073,A
2023-12-29,1.1062,A
2024-01-01,,ND
2024-01-02,1.0957,A
2024-01-03,1.0909,A
2024-01-04,1.0957,A
2024-01-05,1.0957,A
2024-01-08,1.0976,A
2024-01-09,1.0935,A
2024-01-10,1.096,A
2024-01-11,1.0943,A
2024-01-12,1.0959,A
2024-01-15,,ND
2024-01-16,1.0882,A
2024-01-17,1.0858,A
2024-01-18,1.0863,A
2024-01-19,1.0887,A
2024-01-22,1.0895,A
2024-01-23,1.0829,A
2024-01-24,1.0901,A
2024-01-25,1.0837,A
2024-01-26,1.0866,A
2024-01-29,1.0807,A
2024-01-30,1.0844,A
2024-01-31,1.0855,A
2024-02-01,1.0865,A
2024-02-02,1.0787,A
2024-02-05,1.0736,A
2024-02-06,1.0751,A
2024-02-07,1.0769,A
2024-02-08,1.0774,A
2024-02-09,1.0782,A
2024-02-12,1.0774,A
2024-02-13,1.072,A
2024-02-14,1.0735,A
2024-02-15,1.0761,A
2024-02-16,1.0769,A
2024-02-19,,ND
2024-02-20,1.0814,A
2024-02-21,1.0818,A
2024-02-22,1.0815,A
2024-02-23,1.0828,A
2024-02-26,1.0855,A
2024-02-27,1.0857,A
2024-02-28,1.0843,A
2024-02-29,1.0807,A
2024-03-01,1.0832,A
2024-03-04,1.0862,A
2024-03-05,1.0861,A
2024-03-06,1.0913,A
2024-03-07,1.0941,A
2024-03-08,1.0941,A
2024-03-11,1.0928,A
2024-03-12,1.0918,A
2024-03-13,1.0944,A
2024-03-14,1.0888,A
2024-03-15,1.0888,A
2024-03-18,1.0886,A
2024-03-19,1.0859,A
2024-03-20,1.0856,A
2024-03-21,1.0861,A
2024-03-22,1.0817,A
2024-03-25,1.0837,A
2024-03-26,1.0829,A
2024-03-27,1.0821,A
2024-03-28,1.0801,A
2024-03-29,1.0791,A
2024-04-01,1.0733,A
2024-04-02,1.0769,A
2024-04-03,1.0827,A
2024-04-04,1.0865,A
2024-04-05,1.0841,A
2024-04-08,1.0853,A
2024-04-09,1.0856,A
2024-04-10,1.0737,A
2024-04-11,1.0722,A
2024-04-12,1.0647,A
2024-04-15,1.0644,A
2024-04-16,1.0628,A
2024-04-17,1.0644,A
2024-04-18,1.066,A
2024-04-19,1.0655,A
2024-04-22,1.0655,A
2024-04-23,1.0695,A
2024-04-24,1.0687,A
2024-04-25,1.0721,A
2024-04-26,1.0686,A
2024-04-29,1.0717,A
2024-04-30,1.0684,A
2024-05-01,1.068,A
2024-05-02,1.0706,A
2024-05-03,1.077,A
2024-05-06,1.0779,A
2024-05-07,1.0767,A
2024-05-08,1.0755,A
2024-05-09,1.0771,A
2024-05-10,1.0773,A
2024-05-13,1.0796,A
2024-05-14,1.0818,A
2024-05-15,1.086,A
2024-05-16,1.0875,A
2024-05-17,1.0869,A
2024-05-20,1.0861,A
2024-05-21,1.0855,A
2024-05-22,1.0836,A
2024-05-23,1.0827,A
2024-05-24,1.0852,A
2024-05-27,,ND
2024-05-28,1.0879,A
2024-05-29,1.0811,A
2024-05-30,1.0837,A
2024-05-31,1.0846,A
2024-06-03,1.089,A
2024-06-04,1.0878,A
2024-06-05,1.0865,A
2024-06-06,1.0883,A
2024-06-07,1.0807,A
2024-06-10,1.0751,A
2024-06-11,1.0733,A
2024-06-12,1.0843,A
2024-06-13,1.0756,A
2024-06-14,1.0699,A
2024-06-17,1.0723,A
2024-06-18,1.0739,A
2024-06-19,,ND
2024-06-20,1.0708,A
2024-06-21,1.0694,A
2024-06-24,1.0727,A
2024-06-25,1.0705,A
2024-06-26,1.0682,A
2024-06-27,1.0708,A
2024-06-28,1.0711,A
2024-07-01,1.0728,A
2024-07-02,1.0737,A
2024-07-03,1.0799,A
2024-07-04,,ND
2024-07-05,1.0828,A
2024-07-08,1.0835,A
2024-07-09,1.0813,A
2024-07-10,1.0823,A
2024-07-11,1.087,A
2024-07-12,1.0902,A
2024-07-15,1.0912,A
2024-07-16,1.0885,A
2024-07-17,1.0933,A
2024-07-18,1.0913,A
2024-07-19,1.0888,A
2024-07-22,1.088,A
2024-07-23,1.0855,A
2024-07-24,1.0853,A
2024-07-25,1.0861,A
2024-07-26,1.0859,A
2024-07-29,1.0819,A
2024-07-30,1.0809,A
2024-07-31,1.0823,A
2024-08-01,1.0789,A
2024-08-02,1.0914,A
2024-08-05,1.0957,A
2024-08-06,1.0926,A
2024-08-07,1.0925,A
2024-08-08,1.0914,A
2024-08-09,1.0925,A
2024-08-12,1.0928,A
2024-08-13,1.0954,A
2024-08-14,1.1024,A
2024-08-15,1.0986,A
2024-08-16,1.0996,A
2024-08-19,1.107,A
2024-08-20,1.1106,A
2024-08-21,1.1143,A
2024-08-22,1.1114,A
2024-08-23,1.1176,A
2024-08-26,1.1164,A
2024-08-27,1.116,A
2024-08-28,1.1127,A
2024-08-29,1.1086,A
2024-08-30,1.106,A
2024-09-02,,ND
2024-09-03,1.1043,A
2024-09-04,1.1081,A
2024-09-05,1.1096,A
2024-09-06,1.1086,A
2024-09-09,1.1042,A
2024-09-10,1.1025,A
2024-09-11,1.1012,A
2024-09-12,1.1041,A
2024-09-13,1.1085,A
2024-09-16,1.1123,A
2024-09-17,1.1118,A
2024-09-18,1.1116,A
2024-09-19,1.1147,A
2024-09-20,1.1159,A
2024-09-23,1.113,A
2024-09-24,1.115,A
2024-09-25,1.1143,A
2024-09-26,1.1184,A
2024-09-27,1.1159,A
2024-09-30,1.1145,A
2024-10-01,1.1067,A
2024-10-02,1.105,A
2024-10-03,1.1015,A
2024-10-04,1.0961,A
2024-10-07,1.0976,A
2024-10-08,1.097,A
2024-10-09,1.0951,A
2024-10-10,1.0925,A
2024-10-11,1.0942,A
2024-10-14,,ND
2024-10-15,1.0899,A
2024-10-16,1.0873,A
2024-10-17,1.0837,A
2024-10-18,1.0854,A
2024-10-21,1.082,A
2024-10-22,1.0805,A
2024-10-23,1.0779,A
2024-10-24,1.0806,A
2024-10-25,1.0813,A
2024-10-28,1.0819,A
2024-10-29,1.0798,A
2024-10-30,1.0864,A
2024-10-31,1.0855,A
2024-11-01,1.0848,A
2024-11-04,1.0884,A
2024-11-05,1.092,A
2024-11-06,1.0732,A
2024-11-07,1.0792,A
2024-11-08,1.071,A
2024-11-11,,ND
2024-11-12,1.0598,A
2024-11-13,1.0567,A
2024-11-14,1.0562,A
2024-11-15,1.0552,A
2024-11-18,1.0586,A
2024-11-19,1.0578,A
2024-11-20,1.0521,A
2024-11-21,1.0475,A
2024-11-22,1.0399,A
2024-11-25,1.0478,A
2024-11-26,1.0481,A
2024-11-27,1.0575,A
2024-11-28,,ND
2024-11-29,1.0547,A
2024-12-02,1.0484,A
2024-12-03,1.0518,A
2024-12-04,1.0527,A
2024-12-05,1.0571,A
2024-12-06,1.0563,A
2024-12-09,1.057,A
2024-12-10,1.0512,A
2024-12-11,1.0508,A
2024-12-12,1.0514,A
2024-12-13,1.0498,A
2024-12-16,1.0512,A
2024-12-17,1.0506,A
2024-12-18,1.0469,A
2024-12-19,1.0357,A
2024-12-20,1.043,A
2024-12-23,1.0409,A
2024-12-24,1.0388,A
2024-12-25,,ND
2024-12-26,1.0423,A
2024-12-27,1.0423,A
2024-12-30,1.0386,A
2024-12-31,1.0351,A
2025-01-01,,ND
2025-01-02,1.0261,A
2025-01-03,1.0292,A
2025-01-06,1.0397,A
2025-01-07,1.0369,A
2025-01-08,1.0313,A
2025-01-09,1.0298,A
2025-01-10,1.0238,A
2025-01-13,1.0209,A
2025-01-14,1.0292,A
2025-01-15,1.0282,A
2025-01-16,1.0303,A
2025-01-17,1.0287,A
2025-01-20,,ND
2025-01-21,1.0423,A
2025-01-22,1.042,A
2025-01-23,1.042,A
2025-01-24,1.0515,A
2025-01-27,1.0492,A
2025-01-28,1.0427,A
2025-01-29,1.0416,A
2025-01-30,1.042,A
2025-01-31,1.04,A
2025-02-03,1.0277,A
2025-02-04,1.0379,A
2025-02-05,1.0419,A
2025-02-06,1.0368,A
2025-02-07,1.0329,A
2025-02-10,1.0312,A
2025-02-11,1.0346,A
2025-02-12,1.0392,A
2025-02-13,1.0428,A
2025-02-14,1.0498,A
2025-02-17,,ND
2025-02-18,1.0457,A
2025-02-19,1.0406,A
2025-02-20,1.0475,A
2025-02-21,1.0455,A
2025-02-24,1.0478,A
2025-02-25,1.0498,A
2025-02-26,1.0514,A
2025-02-27,1.0414,A
2025-02-28,1.0402,A
2025-03-03,1.0496,A
2025-03-04,1.0534,A
2025-03-05,1.0768,A
2025-03-06,1.0818,A
2025-03-07,1.0859,A
2025-03-10,1.0837,A
2025-03-11,1.0927,A
2025-03-12,1.0925,A
2025-03-13,1.0859,A
2025-03-14,1.0872,A
2025-03-17,1.0922,A
2025-03-18,1.0927,A
2025-03-19,1.0877,A
2025-03-20,1.0848,A
2025-03-21,1.0806,A
2025-03-24,1.0794,A
2025-03-25,1.0804,A
2025-03-26,1.0781,A
2025-03-27,1.08,A
2025-03-28,1.0826,A
2025-03-31,1.0796,A
2025-04-01,1.08,A
2025-04-02,1.0868,A
2025-04-03,1.1052,A
2025-04-04,1.1014,A
2025-04-07,1.0912,A
2025-04-08,1.0912,A
2025-04-09,1.104,A
2025-04-10,1.1192,A
2025-04-11,1.1325,A
2025-04-14,1.1358,A
2025-04-15,1.129,A
2025-04-16,1.1382,A
2025-04-17,1.1364,A
2025-04-18,1.139,A
2025-04-21,1.1508,A
2025-04-22,1.1466,A
2025-04-23,1.135,A
2025-04-24,1.1363,A
2025-04-25,1.1381,A
2025-04-28,1.1387,A
2025-04-29,1.1396,A
2025-04-30,1.1349,A
2025-05-01,1.1279,A
2025-05-02,1.133,A
2025-05-05,1.1315,A
2025-05-06,1.1345,A
2025-05-07,1.1348,A
2025-05-08,1.1249,A
2025-05-09,1.127,A
2025-05-12,1.1106,A
2025-05-13,1.1176,A
2025-05-14,1.1206,A
2025-05-15,1.1189,A
2025-05-16,1.1141,A
2025-05-19,1.1236,A
2025-05-20,1.1254,A
2025-05-21,1.1343,A
2025-05-22,1.1281,A
2025-05-23,1.135,A
2025-05-26,,ND
2025-05-27,1.1326,A
2025-05-28,1.1286,A
2025-05-29,1.137,A
2025-05-30,1.1347,A
2025-06-02,1.1432,A
2025-06-03,1.1373,A
2025-06-04,1.1424,A
2025-06-05,1.144,A
2025-06-06,1.1397,A
2025-06-09,1.1425,A
2025-06-10,1.1423,A
2025-06-11,1.149,A
2025-06-12,1.1578,A
2025-06-13,1.1557,A
2025-06-16,1.1581,A
2025-06-17,1.1535,A
2025-06-18,1.1521,A
2025-06-19,,ND
2025-06-20,1.152,A
2025-06-23,1.1538,A
2025-06-24,1.1608,A
2025-06-25,1.162,A
2025-06-26,1.1717,A
2025-06-27,1.1724,A
2025-06-30,1.177,A
2025-07-01,1.1776,A
2025-07-02,1.179,A
2025-07-03,1.1758,A
2025-07-04,,ND
2025-07-07,1.1733,A
2025-07-08,1.1707,A
2025-07-09,1.1707,A
2025-07-10,1.1688,A
2025-07-11,1.1696,A
2025-07-14,1.1672,A
2025-07-15,1.1619,A
2025-07-16,1.1629,A
2025-07-17,1.1597,A
2025-07-18,1.1645,A
2025-07-21,1.1705,A
2025-07-22,1.1749,A
2025-07-23,1.1748,A
2025-07-24,1.1765,A
2025-07-25,1.173,A
2025-07-28,1.1609,A
2025-07-29,1.1534,A
2025-07-30,1.147,A
2025-07-31,1.1431,A
2025-08-01,1.1555,A
2025-08-04,1.1568,A
2025-08-05,1.158,A
2025-08-06,1.1647,A
2025-08-07,1.1641,A
2025-08-08,1.166,A
2025-08-11,1.1607,A
2025-08-12,1.1673,A
2025-08-13,1.1715,A
2025-08-14,1.1644,A
2025-08-15,1.1708,A
2025-08-18,1.1667,A
2025-08-19,1.166,A
2025-08-20,1.1649,A
2025-08-21,1.1605,A
2025-08-22,1.1713,A
2025-08-25,1.167,A
2025-08-26,1.1657,A
2025-08-27,1.1611,A
2025-08-28,1.1672,A
2025-08-29,1.1695,A
2025-09-01,,ND
2025-09-02,1.1653,A
2025-09-03,1.1676,A
2025-09-04,1.1648,A
2025-09-05,1.1759,A
2025-09-08,1.1751,A
2025-09-09,1.1723,A
2025-09-10,1.1714,A
2025-09-11,1.1732,A
2025-09-12,1.1714,A
2025-09-15,1.1772,A
2025-09-16,1.1848,A
2025-09-17,1.1845,A
2025-09-18,1.178,A
2025-09-19,1.1753,A
2025-09-22,1.1773,A
2025-09-23,1.18,A
2025-09-24,1.1742,A
2025-09-25,1.1673,A
2025-09-26,1.1692,A
2025-09-29,1.173,A
2025-09-30,1.1735,A
2025-10-01,1.1723,A
2025-10-02,1.1696,A
2025-10-03,1.1747,A
2025-10-06,1.1707,A
2025-10-07,1.1674,A
2025-10-08,1.1606,A
2025-10-09,1.1559,A
2025-10-10,1.1613,A
2025-10-13,,ND
2025-10-14,1.1608,A
2025-10-15,1.1638,A
2025-10-16,1.1665,A
2025-10-17,1.1674,A
2025-10-20,1.1656,A
2025-10-21,1.1616,A
2025-10-22,1.1612,A
2025-10-23,1.1612,A
2025-10-24,1.1626,A
2025-10-27,1.1636,A
2025-10-28,1.1659,A
2025-10-29,1.1664,A
2025-10-30,1.1564,A
2025-10-31,1.1541,A
2025-11-03,1.1531,A
2025-11-04,1.1491,A
2025-11-05,1.1485,A
2025-11-06,1.1539,A
2025-11-07,1.1578,A
2025-11-10,1.1545,A
2025-11-11,,ND
2025-11-12,1.1592,A
2025-11-13,1.1649,A
2025-11-14,1.1617,A
2025-11-17,1.1598,A
2025-11-18,1.1579,A
2025-11-19,1.154,A
2025-11-20,1.1534,A
2025-11-21,1.1506,A
2025-11-24,1.1518,A
2025-11-25,1.1553,A
2025-11-26,1.1591,A
2025-11-27,,ND
2025-11-28,1.16,A
2025-12-01,1.1623,A
2025-12-02,1.1596,A
2025-12-03,1.166,A
2025-12-04,1.1659,A
2025-12-05,1.1635,A
2025-12-08,1.1626,A
2025-12-09,1.1639,A
2025-12-10,1.165,A
2025-12-11,1.1756,A
2025-12-12,1.1731,A
2025-12-15,1.1756,A
2025-12-16,1.177,A
2025-12-17,1.1748,A
2025-12-18,1.1729,A
2025-12-19,1.1721,A
2025-12-22,1.175,A
2025-12-23,1.1776,A
2025-12-24,1.178,A
2025-12-25,,ND
2025-12-26,1.1766,A
2025-12-29,1.1756,A
2025-12-30,1.1765,A
2025-12-31,1.1736,A
2026-01-01,,ND
2026-01-02,1.1738,A
2026-01-05,1.1715,A
2026-01-06,1.1689,A
2026-01-07,1.169,A
2026-01-08,1.1655,A
2026-01-09,1.1634,A
2026-01-12,1.1672,A
2026-01-13,1.1646,A
2026-01-14,1.1655,A
2026-01-15,1.1605,A
2026-01-16,1.1599,A
2026-01-19,,ND
2026-01-20,1.1739,A
2026-01-21,1.1705,A
2026-01-22,1.1738,A
2026-01-23,1.1771,A
2026-01-26,1.1886,A
2026-01-27,1.198,A
2026-01-28,1.1941,A
2026-01-29,1.1943,A
2026-01-30,1.1885,A
2026-02-02,1.1807,A
2026-02-03,1.1819,A
2026-02-04,1.1803,A
2026-02-05,1.1802,A
2026-02-06,1.1812,A
2026-02-09,1.1898,A
2026-02-10,1.1898,A
2026-02-11,1.1884,A
2026-02-12,1.187,A
2026-02-13,1.187,A
2026-02-16,,ND
2026-02-17,1.1831,A
2026-02-18,1.181,A
2026-02-19,1.1762,A
2026-02-20,1.1781,A
2026-02-23,1.1804,A
2026-02-24,1.1789,A
2026-02-25,1.1804,A
2026-02-26,1.1792,A
2026-02-27,1.1822,A
2026-03-02,1.169,A
2026-03-03,1.1604,A
2026-03-04,1.1638,A
2026-03-05,1.1585,A
2026-03-06,1.1606,A
2026-03-09,1.1592,A
2026-03-10,1.1648,A
2026-03-11,1.1566,A
2026-03-12,1.1522,A
2026-03-13,1.1444,A
2026-03-16,1.1487,A
2026-03-17,1.1525,A
2026-03-18,1.1513,A
2026-03-19,1.1515,A
2026-03-20,1.1543,A
2026-03-23,1.1587,A
2026-03-24,1.1578,A
2026-03-25,1.157,A
2026-03-26,1.1542,A
2026-03-27,1.152,A
2026-03-30,1.1454,A
2026-03-31,1.1518,A
2026-04-01,1.1614,A
2026-04-02,1.1546,A
2026-04-03,1.1523,A
2026-04-06,1.1545,A
2026-04-07,1.1571,A
2026-04-08,1.1686,A
2026-04-09,1.1706,A
2026-04-10,1.1723,A
2026-04-13,1.171,A
2026-04-14,1.1791,A
2026-04-15,1.1799,A
2026-04-16,1.1783,A
2026-04-17,1.1801,A
2026-04-20,1.1785,A
2026-04-21,1.1752,A
2026-04-22,1.1714,A
2026-04-23,1.1704,A
2026-04-24,1.1718,A
2026-04-27,1.1731,A
2026-04-28,1.1715,A
2026-04-29,1.1695,A
2026-04-30,1.1729,A
2026-05-01,1.1755,A
2026-05-04,1.1698,A
2026-05-05,1.1707,A
2026-05-06,1.1753,A
2026-05-07,1.1764,A
2026-05-08,1.1773,A
2026-05-11,1.178,A
2026-05-12,1.1733,A
2026-05-13,1.1711,A
2026-05-14,1.1678,A
2026-05-15,1.1627,A
2026-05-18,1.1649,A
2026-05-19,1.1602,A
2026-05-20,1.162,A
2026-05-21,1.1589,A
2026-05-22,1.1603,A
2026-05-25,,ND
2026-05-26,1.162,A
2026-05-27,1.1631,A
2026-05-28,1.1649,A
2026-05-29,1.1679,A
2026-06-01,1.1624,A
2026-06-02,1.1642,A
2026-06-03,1.1605,A
2026-06-04,1.1629,A
2026-06-05,1.1533,A
2026-06-08,1.1545,A
2026-06-09,1.1556,A
2026-06-10,1.155,A
2026-06-11,1.1515,A
2026-06-12,1.1573,A
2026-06-15,1.1599,A
2026-06-16,1.1615,A
2026-06-17,1.1593,A
2026-06-18,1.147,A
2026-06-19,,ND
2026-06-22,1.1432,A
2026-06-23,1.1383,A
2026-06-24,1.1348,A
2026-06-25,1.1385,A
2026-06-26,1.1403,A
2026-06-29,1.1425,A
2026-06-30,1.1417,A
2026-07-01,1.1384,A
2026-07-02,1.1448,A
2026-07-03,,ND
2026-07-06,1.1426,A
2026-07-07,1.1423,A
2026-07-08,1.1396,A
2026-07-09,1.1439,A
2026-07-10,1.1438,A
2026-07-13,1.1402,A
2026-07-14,1.1428,A
2026-07-15,1.1436,A
2026-07-16,1.1447,A
2026-07-17,1.144,A
2026-07-20,1.1411,A
2026-07-21,1.1408,A
2026-07-22,1.1414,A
2026-07-23,1.1373,A
2026-07-24,1.1385,A
2026-07-27,1.1376,A
2026-07-28,1.1401,A
2026-07-29,1.1384,A
2026-07-30,1.1522,A
2026-07-31,1.1519,A
2026-08-03,1.1509,A
2026-08-04,1.1527,A
2026-08-05,1.1547,A
2026-08-06,1.1521,A
2026-08-07,1.1559,A
2026-08-10,1.1552,A
2026-08-11,1.1543,A
2026-08-12,1.154,A
2026-08-13,1.1531,A
2026-08-14,1.1581,A
2026-08-17,1.1591,A
2026-08-18,1.158,A
2026-08-19,1.1664,A
2026-08-20,1.1679,A
2026-08-21,1.1684,A
2026-08-24,1.1665,A
2026-08-25,1.1673,A
2026-08-26,1.1651,A
2026-08-27,1.1654,A
2026-08-28,1.1598,A
2026-08-31,1.1617,A
2026-09-01,1.1593,A
2026-09-02,1.1592,A
2026-09-03,1.1623,A
2026-09-04,1.1618,A
2026-09-07,,ND
2026-09-08,1.1627,A
2026-09-09,1.1627,A
2026-09-10,1.1629,A
2026-09-11,1.1604,A
2026-09-14,1.1549,A
2026-09-15,1.1542,A
2026-09-16,1.1538,A
2026-09-17,1.1479,A
2026-09-18,1.1464,A
2026-09-21,1.1469,A
2026-09-22,1.1432,A
2026-09-23,1.1394,A
2026-09-24,1.1373,A
2026-09-25,1.14,A
