date,usd_per_sdr,flag
2016-01-01,,No value available
2016-01-02,,No value available
2016-01-03,,No value available
2016-01-04,1.38759,
2016-01-05,1.37956,
2016-01-06,1.37963,
2016-01-07,1.38433,
2016-01-08,1.38434,
2016-01-09,,No value available
2016-01-10,,No value available
2016-01-11,1.38557,
2016-01-12,1.38215,
2016-01-13,1.37998,
2016-01-14,1.38493,
2016-01-15,1.38355,
2016-01-16,,No value available
2016-01-17,,No value available
2016-01-18,,No value available
2016-01-19,1.38073,
2016-01-20,1.38246,
2016-01-21,1.38161,
2016-01-22,1.3792,
2016-01-23,,No value available
2016-01-24,,No value available
2016-01-25,1.37779,
2016-01-26,1.37806,
2016-01-27,1.38112,
2016-01-28,1.38241,
2016-01-29,1.3805,
2016-01-30,,No value available
2016-01-31,,No value available
2016-02-01,1.37782,
2016-02-02,1.38228,
2016-02-03,1.38424,
2016-02-04,1.39739,
2016-02-05,1.39838,
2016-02-06,,No value available
2016-02-07,,No value available
2016-02-08,1.39427,
2016-02-09,1.39963,
2016-02-10,1.4027,
2016-02-11,1.40838,
2016-02-12,1.40582,
2016-02-13,,No value available
2016-02-14,,No value available
2016-02-15,,No value available
2016-02-16,1.3981,
2016-02-17,1.39635,
2016-02-18,1.39522,
2016-02-19,1.39547,
2016-02-20,,No value available
2016-02-21,,No value available
2016-02-22,1.39024,
2016-02-23,1.38957,
2016-02-24,1.38593,
2016-02-25,1.38925,
2016-02-26,1.3885,
2016-02-27,,No value available
2016-02-28,,No value available
2016-02-29,1.38131,
2016-03-01,1.38212,
2016-03-02,1.38029,
2016-03-03,1.38242,
2016-03-04,1.38802,
2016-03-05,,No value available
2016-03-06,,No value available
2016-03-07,1.38687,
2016-03-08,1.39087,
2016-03-09,1.38956,
2016-03-10,1.38843,
2016-03-11,1.39483,
2016-03-12,,No value available
2016-03-13,,No value available
2016-03-14,1.3955,
2016-03-15,1.39374,
2016-03-16,1.39218,
2016-03-17,1.4078,
2016-03-18,1.40614,
2016-03-19,,No value available
2016-03-20,,No value available
2016-03-21,1.40513,
2016-03-22,1.40156,
2016-03-23,1.39815,
2016-03-24,1.39581,
2016-03-25,1.39611,
2016-03-26,,No value available
2016-03-27,,No value available
2016-03-28,1.3991,
2016-03-29,1.39879,
2016-03-30,1.4066,
2016-03-31,1.40882,
2016-04-01,1.40913,
2016-04-02,,No value available
2016-04-03,,No value available
2016-04-04,1.40699,
2016-04-05,1.40784,
2016-04-06,1.40594,
2016-04-07,1.40902,
2016-04-08,1.40834,
2016-04-09,,No value available
2016-04-10,,No value available
2016-04-11,1.41167,
2016-04-12,1.41328,
2016-04-13,1.40704,
2016-04-14,1.40402,
2016-04-15,1.40559,
2016-04-16,,No value available
2016-04-17,,No value available
2016-04-18,1.40745,
2016-04-19,1.4096,
2016-04-20,1.41123,
2016-04-21,1.40832,
2016-04-22,1.40563,
2016-04-23,,No value available
2016-04-24,,No value available
2016-04-25,1.40546,
2016-04-26,1.40809,
2016-04-27,1.40929,
2016-04-28,1.41346,
2016-04-29,1.41733,
2016-04-30,,No value available
2016-05-01,,No value available
2016-05-02,1.42336,
2016-05-03,1.42702,
2016-05-04,1.41992,
2016-05-05,1.41663,
2016-05-06,1.41739,
2016-05-07,,No value available
2016-05-08,,No value available
2016-05-09,1.41415,
2016-05-10,1.41159,
2016-05-11,1.41337,
2016-05-12,1.41296,
2016-05-13,1.41097,
2016-05-14,,No value available
2016-05-15,,No value available
2016-05-16,1.40949,
2016-05-17,1.41003,
2016-05-18,1.40816,
2016-05-19,1.40642,
2016-05-20,1.40583,
2016-05-21,,No value available
2016-05-22,,No value available
2016-05-23,1.4052,
2016-05-24,1.40547,
2016-05-25,1.40393,
2016-05-26,1.406,
2016-05-27,1.40583,
2016-05-28,,No value available
2016-05-29,,No value available
2016-05-30,,No value available
2016-05-31,1.40288,
2016-06-01,1.4028,
2016-06-02,1.40495,
2016-06-03,1.40223,
2016-06-04,,No value available
2016-06-05,,No value available
2016-06-06,1.4121,
2016-06-07,1.41474,
2016-06-08,1.41587,
2016-06-09,1.41397,
2016-06-10,1.41139,
2016-06-11,,No value available
2016-06-12,,No value available
2016-06-13,1.40801,
2016-06-14,1.40613,
2016-06-15,1.40621,
2016-06-16,1.4072,
2016-06-17,1.41068,
2016-06-18,,No value available
2016-06-19,,No value available
2016-06-20,1.41729,
2016-06-21,1.41847,
2016-06-22,1.41626,
2016-06-23,1.42184,
2016-06-24,1.39807,
2016-06-25,,No value available
2016-06-26,,No value available
2016-06-27,1.39165,
2016-06-28,1.39538,
2016-06-29,1.39587,
2016-06-30,1.39884,
2016-07-01,1.39596,
2016-07-02,,No value available
2016-07-03,,No value available
2016-07-04,,No value available
2016-07-05,1.39684,
2016-07-06,1.39286,
2016-07-07,1.39316,
2016-07-08,1.39257,
2016-07-09,,No value available
2016-07-10,,No value available
2016-07-11,1.38962,
2016-07-12,1.39194,
2016-07-13,1.39193,
2016-07-14,1.39122,
2016-07-15,1.39392,
2016-07-16,,No value available
2016-07-17,,No value available
2016-07-18,1.38883,
2016-07-19,1.38799,
2016-07-20,1.38551,
2016-07-21,1.38614,
2016-07-22,1.38545,
2016-07-23,,No value available
2016-07-24,,No value available
2016-07-25,1.38443,
2016-07-26,1.38688,
2016-07-27,1.38514,
2016-07-28,1.39032,
2016-07-29,1.39338,
2016-07-30,,No value available
2016-07-31,,No value available
2016-08-01,1.39693,
2016-08-02,1.39924,
2016-08-03,1.40142,
2016-08-04,1.39776,
2016-08-05,1.39726,
2016-08-06,,No value available
2016-08-07,,No value available
2016-08-08,1.39205,
2016-08-09,1.3914,
2016-08-10,1.39714,
2016-08-11,1.39505,
2016-08-12,1.39423,
2016-08-13,,No value available
2016-08-14,,No value available
2016-08-15,1.39557,
2016-08-16,1.40211,
2016-08-17,1.4012,
2016-08-18,1.40555,
2016-08-19,1.40542,
2016-08-20,,No value available
2016-08-21,,No value available
2016-08-22,1.40343,
2016-08-23,1.40647,
2016-08-24,1.40485,
2016-08-25,1.4046,
2016-08-26,1.40453,
2016-08-27,,No value available
2016-08-28,,No value available
2016-08-29,1.39671,
2016-08-30,1.39584,
2016-08-31,1.39434,
2016-09-01,1.39542,
2016-09-02,1.39709,
2016-09-03,,No value available
2016-09-04,,No value available
2016-09-05,,No value available
2016-09-06,1.39746,
2016-09-07,1.4034,
2016-09-08,1.4051,
2016-09-09,1.40206,
2016-09-10,,No value available
2016-09-11,,No value available
2016-09-12,1.40048,
2016-09-13,1.40081,
2016-09-14,1.3992,
2016-09-15,1.40031,
2016-09-16,1.39988,
2016-09-17,,No value available
2016-09-18,,No value available
2016-09-19,1.39579,
2016-09-20,1.3956,
2016-09-21,1.39503,
2016-09-22,1.40028,
2016-09-23,1.39891,
2016-09-24,,No value available
2016-09-25,,No value available
2016-09-26,1.39962,
2016-09-27,1.40022,
2016-09-28,1.3991,
2016-09-29,1.3983,
2016-09-30,1.39581,
2016-10-01,,No value available
2016-10-02,,No value available
2016-10-03,1.39768,
2016-10-04,1.39274,
2016-10-05,1.39327,
2016-10-06,1.39106,
2016-10-07,1.38611,
2016-10-08,,No value available
2016-10-09,,No value available
2016-10-10,,No value available
2016-10-11,1.38229,
2016-10-12,1.38012,
2016-10-13,1.37956,
2016-10-14,1.37864,
2016-10-15,,No value available
2016-10-16,,No value available
2016-10-17,1.37707,
2016-10-18,1.37931,
2016-10-19,1.37907,
2016-10-20,1.37791,
2016-10-21,1.37353,
2016-10-22,,No value available
2016-10-23,,No value available
2016-10-24,1.37361,
2016-10-25,1.3722,
2016-10-26,1.37406,
2016-10-27,1.37378,
2016-10-28,1.37171,
2016-10-29,,No value available
2016-10-30,,No value available
2016-10-31,1.37385,
2016-11-01,1.3777,
2016-11-02,1.38316,
2016-11-03,1.38341,
2016-11-04,1.38525,
2016-11-05,,No value available
2016-11-06,,No value available
2016-11-07,1.38105,
2016-11-08,1.37941,
2016-11-09,1.38331,
2016-11-10,1.37121,
2016-11-11,1.37268,
2016-11-12,,No value available
2016-11-13,,No value available
2016-11-14,1.36619,
2016-11-15,1.36355,
2016-11-16,1.35916,
2016-11-17,1.36204,
2016-11-18,1.35583,
2016-11-19,,No value available
2016-11-20,,No value available
2016-11-21,1.35516,
2016-11-22,1.35525,
2016-11-23,1.3535,
2016-11-24,,No value available
2016-11-25,,No value available
2016-11-26,,No value available
2016-11-27,,No value available
2016-11-28,1.35177,
2016-11-29,1.3521,
2016-11-30,1.35376,
2016-12-01,1.35333,
2016-12-02,1.35512,
2016-12-03,,No value available
2016-12-04,,No value available
2016-12-05,1.35781,
2016-12-06,1.35977,
2016-12-07,1.35719,
2016-12-08,1.36103,
2016-12-09,1.34997,
2016-12-10,,No value available
2016-12-11,,No value available
2016-12-12,1.35081,
2016-12-13,1.35184,
2016-12-14,1.35392,
2016-12-15,1.33978,
2016-12-16,1.34052,
2016-12-17,,No value available
2016-12-18,,No value available
2016-12-19,1.34042,
2016-12-20,1.33741,
2016-12-21,1.33953,
2016-12-22,1.34017,
2016-12-23,1.33969,
2016-12-24,,No value available
2016-12-25,,No value available
2016-12-26,,No value available
2016-12-27,1.33965,
2016-12-28,1.33755,
2016-12-29,1.34009,
2016-12-30,1.34433,
2016-12-31,,No value available
2017-01-01,,No value available
2017-01-02,,No value available
2017-01-03,1.3366,
2017-01-04,1.34007,
2017-01-05,1.34493,
2017-01-06,1.34967,
2017-01-07,,No value available
2017-01-08,,No value available
2017-01-09,1.34399,
2017-01-10,1.34599,
2017-01-11,1.34317,
2017-01-12,1.35274,
2017-01-13,1.35125,
2017-01-14,,No value available
2017-01-15,,No value available
2017-01-16,,No value available
2017-01-17,1.35673,
2017-01-18,1.35572,
2017-01-19,1.3534,
2017-01-20,,No value available
2017-01-21,,No value available
2017-01-22,,No value available
2017-01-23,1.35805,
2017-01-24,1.35932,
2017-01-25,1.36017,
2017-01-26,1.35866,
2017-01-27,1.35549,
2017-01-28,,No value available
2017-01-29,,No value available
2017-01-30,1.35439,
2017-01-31,1.35883,
2017-02-01,1.36299,
2017-02-02,1.36483,
2017-02-03,1.35904,
2017-02-04,,No value available
2017-02-05,,No value available
2017-02-06,1.36019,
2017-02-07,1.35626,
2017-02-08,1.3561,
2017-02-09,1.35789,
2017-02-10,1.35402,
2017-02-11,,No value available
2017-02-12,,No value available
2017-02-13,1.35439,
2017-02-14,1.35414,
2017-02-15,1.34991,
2017-02-16,1.35442,
2017-02-17,1.35488,
2017-02-18,,No value available
2017-02-19,,No value available
2017-02-20,,No value available
2017-02-21,1.34984,
2017-02-22,1.34896,
2017-02-23,1.35133,
2017-02-24,1.35498,
2017-02-25,,No value available
2017-02-26,,No value available
2017-02-27,1.35274,
2017-02-28,1.35389,
2017-03-01,1.34846,
2017-03-02,1.34695,
2017-03-03,1.34644,
2017-03-04,,No value available
2017-03-05,,No value available
2017-03-06,1.34917,
2017-03-07,1.34814,
2017-03-08,1.34676,
2017-03-09,1.34654,
2017-03-10,1.34749,
2017-03-11,,No value available
2017-03-12,,No value available
2017-03-13,1.35152,
2017-03-14,1.34877,
2017-03-15,1.3496,
2017-03-16,1.35607,
2017-03-17,1.35682,
2017-03-18,,No value available
2017-03-19,,No value available
2017-03-20,1.35769,
2017-03-21,1.36143,
2017-03-22,1.36175,
2017-03-23,1.36223,
2017-03-24,1.36311,
2017-03-25,,No value available
2017-03-26,,No value available
2017-03-27,1.3671,
2017-03-28,1.36589,
2017-03-29,1.36187,
2017-03-30,1.35992,
2017-03-31,1.35685,
2017-04-01,,No value available
2017-04-02,,No value available
2017-04-03,1.3568,
2017-04-04,1.35668,
2017-04-05,1.35754,
2017-04-06,1.35694,
2017-04-07,1.35549,
2017-04-08,,No value available
2017-04-09,,No value available
2017-04-10,1.35251,
2017-04-11,1.35462,
2017-04-12,1.35597,
2017-04-13,1.35859,
2017-04-14,1.35839,
2017-04-15,,No value available
2017-04-16,,No value available
2017-04-17,1.35923,
2017-04-18,1.36098,
2017-04-19,1.36485,
2017-04-20,1.36541,
2017-04-21,1.36309,
2017-04-22,,No value available
2017-04-23,,No value available
2017-04-24,1.36833,
2017-04-25,1.36893,
2017-04-26,1.36843,
2017-04-27,1.36909,
2017-04-28,1.37102,
2017-04-29,,No value available
2017-04-30,,No value available
2017-05-01,1.36944,
2017-05-02,1.3694,
2017-05-03,1.36927,
2017-05-04,1.36892,
2017-05-05,1.37069,
2017-05-06,,No value available
2017-05-07,,No value available
2017-05-08,1.3704,
2017-05-09,1.36675,
2017-05-10,1.36602,
2017-05-11,1.36545,
2017-05-12,1.36551,
2017-05-13,,No value available
2017-05-14,,No value available
2017-05-15,1.37036,
2017-05-16,1.37326,
2017-05-17,1.37735,
2017-05-18,1.38081,
2017-05-19,1.3806,
2017-05-20,,No value available
2017-05-21,,No value available
2017-05-22,1.38322,
2017-05-23,1.3834,
2017-05-24,1.38101,
2017-05-25,1.38249,
2017-05-26,1.38353,
2017-05-27,,No value available
2017-05-28,,No value available
2017-05-29,,No value available
2017-05-30,1.38059,
2017-05-31,1.38432,
2017-06-01,1.38478,
2017-06-02,1.38331,
2017-06-03,,No value available
2017-06-04,,No value available
2017-06-05,1.38572,
2017-06-06,1.38757,
2017-06-07,1.38562,
2017-06-08,1.38634,
2017-06-09,1.38213,
2017-06-10,,No value available
2017-06-11,,No value available
2017-06-12,1.38329,
2017-06-13,1.38321,
2017-06-14,1.38293,
2017-06-15,1.3822,
2017-06-16,1.38088,
2017-06-17,,No value available
2017-06-18,,No value available
2017-06-19,1.38249,
2017-06-20,1.37842,
2017-06-21,1.37872,
2017-06-22,1.379,
2017-06-23,1.37953,
2017-06-24,,No value available
2017-06-25,,No value available
2017-06-26,1.37931,
2017-06-27,1.38332,
2017-06-28,1.38757,
2017-06-29,1.39063,
2017-06-30,1.39139,
2017-07-01,,No value available
2017-07-02,,No value available
2017-07-03,1.38878,
2017-07-04,,No value available
2017-07-05,1.38553,
2017-07-06,1.38807,
2017-07-07,1.38883,
2017-07-08,,No value available
2017-07-09,,No value available
2017-07-10,1.38732,
2017-07-11,1.38768,
2017-07-12,1.39057,
2017-07-13,1.38932,
2017-07-14,1.39047,
2017-07-15,,No value available
2017-07-16,,No value available
2017-07-17,1.39417,
2017-07-18,1.39838,
2017-07-19,1.39723,
2017-07-20,1.39494,
2017-07-21,1.40183,
2017-07-22,,No value available
2017-07-23,,No value available
2017-07-24,1.40335,
2017-07-25,1.40264,
2017-07-26,1.40205,
2017-07-27,1.40604,
2017-07-28,1.40554,
2017-07-29,,No value available
2017-07-30,,No value available
2017-07-31,1.40775,
2017-08-01,1.41192,
2017-08-02,1.41259,
2017-08-03,1.41242,
2017-08-04,1.41392,
2017-08-05,,No value available
2017-08-06,,No value available
2017-08-07,1.40945,
2017-08-08,1.41089,
2017-08-09,1.40838,
2017-08-10,1.40845,
2017-08-11,1.41017,
2017-08-12,,No value available
2017-08-13,,No value available
2017-08-14,1.41075,
2017-08-15,1.40736,
2017-08-16,1.4048,
2017-08-17,1.40556,
2017-08-18,1.40903,
2017-08-19,,No value available
2017-08-20,,No value available
2017-08-21,1.40947,
2017-08-22,1.4087,
2017-08-23,1.40962,
2017-08-24,1.41034,
2017-08-25,1.41127,
2017-08-26,,No value available
2017-08-27,,No value available
2017-08-28,1.41761,
2017-08-29,1.42292,
2017-08-30,1.41824,
2017-08-31,1.41339,
2017-09-01,1.41737,
2017-09-02,,No value available
2017-09-03,,No value available
2017-09-04,,No value available
2017-09-05,1.41798,
2017-09-06,1.4209,
2017-09-07,1.4243,
2017-09-08,1.43068,
2017-09-09,,No value available
2017-09-10,,No value available
2017-09-11,1.426,
2017-09-12,1.42215,
2017-09-13,1.42395,
2017-09-14,1.41941,
2017-09-15,1.42381,
2017-09-16,,No value available
2017-09-17,,No value available
2017-09-18,1.42314,
2017-09-19,1.42328,
2017-09-20,1.42474,
2017-09-21,1.41889,
2017-09-22,1.42271,
2017-09-23,,No value available
2017-09-24,,No value available
2017-09-25,1.41758,
2017-09-26,1.41395,
2017-09-27,1.41076,
2017-09-28,1.41173,
2017-09-29,1.4133,
2017-09-30,,No value available
2017-10-01,,No value available
2017-10-02,1.40929,
2017-10-03,1.40915,
2017-10-04,1.41112,
2017-10-05,1.40891,
2017-10-06,1.40587,
2017-10-07,,No value available
2017-10-08,,No value available
2017-10-09,,No value available
2017-10-10,1.41213,
2017-10-11,1.41354,
2017-10-12,1.41462,
2017-10-13,1.41477,
2017-10-14,,No value available
2017-10-15,,No value available
2017-10-16,1.41437,
2017-10-17,1.41065,
2017-10-18,1.40934,
2017-10-19,1.41243,
2017-10-20,1.41107,
2017-10-21,,No value available
2017-10-22,,No value available
2017-10-23,1.4076,
2017-10-24,1.40853,
2017-10-25,1.4091,
2017-10-26,1.41103,
2017-10-27,1.40198,
2017-10-28,,No value available
2017-10-29,,No value available
2017-10-30,1.40352,
2017-10-31,1.40469,
2017-11-01,1.4051,
2017-11-02,1.4042,
2017-11-03,1.40335,
2017-11-04,,No value available
2017-11-05,,No value available
2017-11-06,1.40113,
2017-11-07,1.40025,
2017-11-08,1.40185,
2017-11-09,1.40355,
2017-11-10,1.40348,
2017-11-11,,No value available
2017-11-12,,No value available
2017-11-13,1.40357,
2017-11-14,1.40643,
2017-11-15,1.41294,
2017-11-16,1.40925,
2017-11-17,1.41094,
2017-11-18,,No value available
2017-11-19,,No value available
2017-11-20,1.41093,
2017-11-21,1.40861,
2017-11-22,1.41085,
2017-11-23,,No value available
2017-11-24,,No value available
2017-11-25,,No value available
2017-11-26,,No value available
2017-11-27,1.42002,
2017-11-28,1.41745,
2017-11-29,1.41648,
2017-11-30,1.41542,
2017-12-01,1.41862,
2017-12-02,,No value available
2017-12-03,,No value available
2017-12-04,1.41625,
2017-12-05,1.41619,
2017-12-06,1.41395,
2017-12-07,1.41215,
2017-12-08,1.41047,
2017-12-09,,No value available
2017-12-10,,No value available
2017-12-11,1.41207,
2017-12-12,1.41107,
2017-12-13,1.40981,
2017-12-14,1.41474,
2017-12-15,1.41406,
2017-12-16,,No value available
2017-12-17,,No value available
2017-12-18,1.41304,
2017-12-19,1.41394,
2017-12-20,1.41516,
2017-12-21,1.41592,
2017-12-22,1.41572,
2017-12-23,,No value available
2017-12-24,,No value available
2017-12-25,,No value available
2017-12-26,1.41711,
2017-12-27,1.41792,
2017-12-28,1.4207,
2017-12-29,1.42413,
2017-12-30,,No value available
2017-12-31,,No value available
2018-01-01,,No value available
2018-01-02,1.42812,
2018-01-03,1.42631,
2018-01-04,1.42779,
2018-01-05,1.42712,
2018-01-06,,No value available
2018-01-07,,No value available
2018-01-08,1.42422,
2018-01-09,1.4216,
2018-01-10,1.42637,
2018-01-11,1.42294,
2018-01-12,1.43295,
2018-01-13,,No value available
2018-01-14,,No value available
2018-01-15,,No value available
2018-01-16,1.43865,
2018-01-17,1.43857,
2018-01-18,1.44058,
2018-01-19,1.44278,
2018-01-20,,No value available
2018-01-21,,No value available
2018-01-22,1.4421,
2018-01-23,1.44191,
2018-01-24,1.44946,
2018-01-25,1.45471,
2018-01-26,1.45561,
2018-01-27,,No value available
2018-01-28,,No value available
2018-01-29,1.4527,
2018-01-30,1.45516,
2018-01-31,1.45712,
2018-02-01,1.45549,
2018-02-02,1.45773,
2018-02-03,,No value available
2018-02-04,,No value available
2018-02-05,1.4547,
2018-02-06,1.4517,
2018-02-07,1.45044,
2018-02-08,1.44451,
2018-02-09,1.44463,
2018-02-10,,No value available
2018-02-11,,No value available
2018-02-12,1.44606,
2018-02-13,1.45013,
2018-02-14,1.45036,
2018-02-15,1.45859,
2018-02-16,1.45978,
2018-02-17,,No value available
2018-02-18,,No value available
2018-02-19,,No value available
2018-02-20,1.45201,
2018-02-21,1.44974,
2018-02-22,1.44833,
2018-02-23,1.4506,
2018-02-24,,No value available
2018-02-25,,No value available
2018-02-26,1.45301,
2018-02-27,1.45133,
2018-02-28,1.44589,
2018-03-01,1.4436,
2018-03-02,1.45002,
2018-03-03,,No value available
2018-03-04,,No value available
2018-03-05,1.45003,
2018-03-06,1.45411,
2018-03-07,1.45499,
2018-03-08,1.45297,
2018-03-09,1.44896,
2018-03-10,,No value available
2018-03-11,,No value available
2018-03-12,1.44933,
2018-03-13,1.45079,
2018-03-14,1.45462,
2018-03-15,1.45329,
2018-03-16,1.45279,
2018-03-17,,No value available
2018-03-18,,No value available
2018-03-19,1.45173,
2018-03-20,1.45089,
2018-03-21,1.45075,
2018-03-22,1.45438,
2018-03-23,1.45562,
2018-03-24,,No value available
2018-03-25,,No value available
2018-03-26,1.45998,
2018-03-27,1.4583,
2018-03-28,1.45757,
2018-03-29,1.45367,
2018-03-30,1.45386,
2018-03-31,,No value available
2018-04-01,,No value available
2018-04-02,1.45439,
2018-04-03,1.45246,
2018-04-04,1.45157,
2018-04-05,1.4512,
2018-04-06,1.44815,
2018-04-07,,No value available
2018-04-08,,No value available
2018-04-09,1.45066,
2018-04-10,1.45362,
2018-04-11,1.45609,
2018-04-12,1.45459,
2018-04-13,1.45442,
2018-04-14,,No value available
2018-04-15,,No value available
2018-04-16,1.45661,
2018-04-17,1.45748,
2018-04-18,1.45613,
2018-04-19,1.45608,
2018-04-20,1.45159,
2018-04-21,,No value available
2018-04-22,,No value available
2018-04-23,1.44669,
2018-04-24,1.4452,
2018-04-25,1.44438,
2018-04-26,1.44362,
2018-04-27,1.4378,
2018-04-28,,No value available
2018-04-29,,No value available
2018-04-30,1.43806,
2018-05-01,1.43463,
2018-05-02,1.43238,
2018-05-03,1.43154,
2018-05-04,1.43106,
2018-05-05,,No value available
2018-05-06,,No value available
2018-05-07,1.4284,
2018-05-08,1.42709,
2018-05-09,1.42666,
2018-05-10,1.42775,
2018-05-11,1.43081,
2018-05-12,,No value available
2018-05-13,,No value available
2018-05-14,1.43208,
2018-05-15,1.42822,
2018-05-16,1.42216,
2018-05-17,1.42213,
2018-05-18,1.42092,
2018-05-19,,No value available
2018-05-20,,No value available
2018-05-21,1.41858,
2018-05-22,1.42235,
2018-05-23,1.41801,
2018-05-24,1.419,
2018-05-25,1.41819,
2018-05-26,,No value available
2018-05-27,,No value available
2018-05-28,,No value available
2018-05-29,1.41084,
2018-05-30,1.41418,
2018-05-31,1.41665,
2018-06-01,1.41761,
2018-06-02,,No value available
2018-06-03,,No value available
2018-06-04,1.41863,
2018-06-05,1.41633,
2018-06-06,1.42025,
2018-06-07,1.42313,
2018-06-08,1.41926,
2018-06-09,,No value available
2018-06-10,,No value available
2018-06-11,1.42017,
2018-06-12,1.42031,
2018-06-13,1.41869,
2018-06-14,1.42276,
2018-06-15,1.41105,
2018-06-16,,No value available
2018-06-17,,No value available
2018-06-18,1.4112,
2018-06-19,1.4076,
2018-06-20,1.40788,
2018-06-21,1.40622,
2018-06-22,1.41149,
2018-06-23,,No value available
2018-06-24,,No value available
2018-06-25,1.41105,
2018-06-26,1.41088,
2018-06-27,1.40836,
2018-06-28,1.40492,
2018-06-29,1.40657,
2018-06-30,,No value available
2018-07-01,,No value available
2018-07-02,1.40571,
2018-07-03,1.40638,
2018-07-04,,No value available
2018-07-05,1.40886,
2018-07-06,1.40934,
2018-07-07,,No value available
2018-07-08,,No value available
2018-07-09,1.41378,
2018-07-10,1.40883,
2018-07-11,1.40803,
2018-07-12,1.40462,
2018-07-13,1.40199,
2018-07-14,,No value available
2018-07-15,,No value available
2018-07-16,1.40769,
2018-07-17,1.40688,
2018-07-18,1.39979,
2018-07-19,1.39743,
2018-07-20,1.40023,
2018-07-21,,No value available
2018-07-22,,No value available
2018-07-23,1.40519,
2018-07-24,1.405,
2018-07-25,1.40518,
2018-07-26,1.40588,
2018-07-27,1.40054,
2018-07-28,,No value available
2018-07-29,,No value available
2018-07-30,1.40326,
2018-07-31,1.40487,
2018-08-01,1.4031,
2018-08-02,1.3998,
2018-08-03,1.39645,
2018-08-04,,No value available
2018-08-05,,No value available
2018-08-06,1.39494,
2018-08-07,1.39832,
2018-08-08,1.39732,
2018-08-09,1.39781,
2018-08-10,1.39124,
2018-08-11,,No value available
2018-08-12,,No value available
2018-08-13,1.38758,
2018-08-14,1.38844,
2018-08-15,1.38338,
2018-08-16,1.38595,
2018-08-17,1.38801,
2018-08-18,,No value available
2018-08-19,,No value available
2018-08-20,1.38922,
2018-08-21,1.39516,
2018-08-22,1.39806,
2018-08-23,1.39692,
2018-08-24,1.39623,
2018-08-25,,No value available
2018-08-26,,No value available
2018-08-27,1.39837,
2018-08-28,1.40256,
2018-08-29,1.40015,
2018-08-30,1.40228,
2018-08-31,1.40139,
2018-09-01,,No value available
2018-09-02,,No value available
2018-09-03,,No value available
2018-09-04,1.39499,
2018-09-05,1.39634,
2018-09-06,1.39902,
2018-09-07,1.39998,
2018-09-08,,No value available
2018-09-09,,No value available
2018-09-10,1.39652,
2018-09-11,1.39702,
2018-09-12,1.39662,
2018-09-13,1.39979,
2018-09-14,1.4027,
2018-09-15,,No value available
2018-09-16,,No value available
2018-09-17,1.4005,
2018-09-18,1.40129,
2018-09-19,1.40222,
2018-09-20,1.40409,
2018-09-21,1.40515,
2018-09-22,,No value available
2018-09-23,,No value available
2018-09-24,1.4043,
2018-09-25,1.40397,
2018-09-26,1.40317,
2018-09-27,1.40205,
2018-09-28,1.39525,
2018-09-29,,No value available
2018-09-30,,No value available
2018-10-01,1.39578,
2018-10-02,1.39155,
2018-10-03,1.39322,
2018-10-04,1.39031,
2018-10-05,1.39118,
2018-10-06,,No value available
2018-10-07,,No value available
2018-10-08,,No value available
2018-10-09,1.3894,
2018-10-10,1.39242,
2018-10-11,1.39648,
2018-10-12,1.39726,
2018-10-13,,No value available
2018-10-14,,No value available
2018-10-15,1.39785,
2018-10-16,1.39725,
2018-10-17,1.39483,
2018-10-18,1.39315,
2018-10-19,1.3903,
2018-10-20,,No value available
2018-10-21,,No value available
2018-10-22,1.39121,
2018-10-23,1.39004,
2018-10-24,1.3869,
2018-10-25,1.38668,
2018-10-26,1.38371,
2018-10-27,,No value available
2018-10-28,,No value available
2018-10-29,1.38549,
2018-10-30,1.38216,
2018-10-31,1.38213,
2018-11-01,1.38614,
2018-11-02,1.39073,
2018-11-03,,No value available
2018-11-04,,No value available
2018-11-05,1.38602,
2018-11-06,1.3882,
2018-11-07,1.3923,
2018-11-08,1.38801,
2018-11-09,1.38462,
2018-11-10,,No value available
2018-11-11,,No value available
2018-11-12,1.37923,
2018-11-13,1.37942,
2018-11-14,1.38052,
2018-11-15,1.38167,
2018-11-16,1.38232,
2018-11-17,,No value available
2018-11-18,,No value available
2018-11-19,1.38666,
2018-11-20,1.38745,
2018-11-21,1.38559,
2018-11-22,,No value available
2018-11-23,,No value available
2018-11-24,,No value available
2018-11-25,,No value available
2018-11-26,1.38442,
2018-11-27,1.38109,
2018-11-28,1.37967,
2018-11-29,1.38331,
2018-11-30,1.38323,
2018-12-01,,No value available
2018-12-02,,No value available
2018-12-03,1.3825,
2018-12-04,1.38752,
2018-12-05,1.38513,
2018-12-06,1.38357,
2018-12-07,1.38556,
2018-12-08,,No value available
2018-12-09,,No value available
2018-12-10,1.38546,
2018-12-11,1.38413,
2018-12-12,1.38127,
2018-12-13,1.38413,
2018-12-14,1.37899,
2018-12-15,,No value available
2018-12-16,,No value available
2018-12-17,1.38269,
2018-12-18,1.38583,
2018-12-19,1.38567,
2018-12-20,1.38917,
2018-12-21,1.38737,
2018-12-22,,No value available
2018-12-23,,No value available
2018-12-24,,No value available
2018-12-25,,No value available
2018-12-26,1.38797,
2018-12-27,1.38665,
2018-12-28,1.39079,
2018-12-29,,No value available
2018-12-30,,No value available
2018-12-31,,No value available
2019-01-01,,No value available
2019-01-02,1.39064,
2019-01-03,1.38737,
2019-01-04,1.39074,
2019-01-05,,No value available
2019-01-06,,No value available
2019-01-07,1.39284,
2019-01-08,1.39351,
2019-01-09,1.39307,
2019-01-10,1.39777,
2019-01-11,1.39934,
2019-01-12,,No value available
2019-01-13,,No value available
2019-01-14,1.39705,
2019-01-15,1.39532,
2019-01-16,1.39262,
2019-01-17,1.39363,
2019-01-18,1.3932,
2019-01-19,,No value available
2019-01-20,,No value available
2019-01-21,,No value available
2019-01-22,1.39063,
2019-01-23,1.39223,
2019-01-24,1.39121,
2019-01-25,1.39259,
2019-01-26,,No value available
2019-01-27,,No value available
2019-01-28,1.39592,
2019-01-29,1.39717,
2019-01-30,1.39719,
2019-01-31,1.4007,
2019-02-01,1.39845,
2019-02-02,,No value available
2019-02-03,,No value available
2019-02-04,1.39611,
2019-02-05,1.39464,
2019-02-06,1.39274,
2019-02-07,1.38958,
2019-02-08,1.3908,
2019-02-09,,No value available
2019-02-10,,No value available
2019-02-11,1.38878,
2019-02-12,1.38699,
2019-02-13,1.38963,
2019-02-14,1.38549,
2019-02-15,1.38657,
2019-02-16,,No value available
2019-02-17,,No value available
2019-02-18,,No value available
2019-02-19,1.38742,
2019-02-20,1.39151,
2019-02-21,1.39259,
2019-02-22,1.39158,
2019-02-23,,No value available
2019-02-24,,No value available
2019-02-25,1.39418,
2019-02-26,1.39489,
2019-02-27,1.39771,
2019-02-28,1.39798,
2019-03-01,1.39448,
2019-03-02,,No value available
2019-03-03,,No value available
2019-03-04,1.39228,
2019-03-05,1.39213,
2019-03-06,1.39033,
2019-03-07,1.3908,
2019-03-08,1.38676,
2019-03-09,,No value available
2019-03-10,,No value available
2019-03-11,1.38744,
2019-03-12,1.38825,
2019-03-13,1.39099,
2019-03-14,1.39097,
2019-03-15,1.39236,
2019-03-16,,No value available
2019-03-17,,No value available
2019-03-18,1.39392,
2019-03-19,1.39413,
2019-03-20,1.39403,
2019-03-21,1.39559,
2019-03-22,1.39169,
2019-03-23,,No value available
2019-03-24,,No value available
2019-03-25,1.39267,
2019-03-26,1.39287,
2019-03-27,1.39132,
2019-03-28,1.38809,
2019-03-29,1.38825,
2019-03-30,,No value available
2019-03-31,,No value available
2019-04-01,1.38815,
2019-04-02,1.38599,
2019-04-03,1.38884,
2019-04-04,1.38796,
2019-04-05,1.38709,
2019-04-06,,No value available
2019-04-07,,No value available
2019-04-08,1.38764,
2019-04-09,1.38953,
2019-04-10,1.38926,
2019-04-11,1.38986,
2019-04-12,1.39028,
2019-04-13,,No value available
2019-04-14,,No value available
2019-04-15,1.39051,
2019-04-16,1.38997,
2019-04-17,1.39042,
2019-04-18,1.38765,
2019-04-19,1.38724,
2019-04-20,,No value available
2019-04-21,,No value available
2019-04-22,1.38713,
2019-04-23,1.3872,
2019-04-24,1.38489,
2019-04-25,1.38064,
2019-04-26,1.38159,
2019-04-27,,No value available
2019-04-28,,No value available
2019-04-29,1.38239,
2019-04-30,1.38576,
2019-05-01,1.38748,
2019-05-02,1.38563,
2019-05-03,1.38309,
2019-05-04,,No value available
2019-05-05,,No value available
2019-05-06,1.38562,
2019-05-07,1.38562,
2019-05-08,1.38544,
2019-05-09,1.38371,
2019-05-10,1.38598,
2019-05-11,,No value available
2019-05-12,,No value available
2019-05-13,1.3848,
2019-05-14,1.38387,
2019-05-15,1.38233,
2019-05-16,1.38195,
2019-05-17,1.37901,
2019-05-18,,No value available
2019-05-19,,No value available
2019-05-20,1.37816,
2019-05-21,1.3772,
2019-05-22,1.37792,
2019-05-23,1.37656,
2019-05-24,1.37982,
2019-05-25,,No value available
2019-05-26,,No value available
2019-05-27,,No value available
2019-05-28,1.37979,
2019-05-29,1.37829,
2019-05-30,1.37708,
2019-05-31,1.37762,
2019-06-01,,No value available
2019-06-02,,No value available
2019-06-03,1.38051,
2019-06-04,1.38407,
2019-06-05,1.38412,
2019-06-06,1.38284,
2019-06-07,1.38341,
2019-06-08,,No value available
2019-06-09,,No value available
2019-06-10,1.38464,
2019-06-11,1.38558,
2019-06-12,1.38631,
2019-06-13,1.38431,
2019-06-14,1.38333,
2019-06-15,,No value available
2019-06-16,,No value available
2019-06-17,1.38085,
2019-06-18,1.38003,
2019-06-19,1.38113,
2019-06-20,1.3875,
2019-06-21,1.38731,
2019-06-22,,No value available
2019-06-23,,No value available
2019-06-24,1.39141,
2019-06-25,1.39159,
2019-06-26,1.38963,
2019-06-27,1.39012,
2019-06-28,1.39021,
2019-06-29,,No value available
2019-06-30,,No value available
2019-07-01,1.38809,
2019-07-02,1.38577,
2019-07-03,1.38572,
2019-07-04,,No value available
2019-07-05,1.38388,
2019-07-06,,No value available
2019-07-07,,No value available
2019-07-08,1.38118,
2019-07-09,1.37979,
2019-07-10,1.38036,
2019-07-11,1.38454,
2019-07-12,1.38326,
2019-07-13,,No value available
2019-07-14,,No value available
2019-07-15,1.38474,
2019-07-16,1.38142,
2019-07-17,1.38078,
2019-07-18,1.38143,
2019-07-19,1.38342,
2019-07-20,,No value available
2019-07-21,,No value available
2019-07-22,1.38183,
2019-07-23,1.37988,
2019-07-24,1.37954,
2019-07-25,1.37878,
2019-07-26,1.37724,
2019-07-27,,No value available
2019-07-28,,No value available
2019-07-29,1.37567,
2019-07-30,1.37551,
2019-07-31,1.37542,
2019-08-01,1.36963,
2019-08-02,1.37314,
2019-08-03,,No value available
2019-08-04,,No value available
2019-08-05,1.37464,
2019-08-06,1.37623,
2019-08-07,1.37508,
2019-08-08,1.37605,
2019-08-09,1.37578,
2019-08-10,,No value available
2019-08-11,,No value available
2019-08-12,1.37584,
2019-08-13,1.37669,
2019-08-14,1.37552,
2019-08-15,1.37439,
2019-08-16,1.37165,
2019-08-17,,No value available
2019-08-18,,No value available
2019-08-19,1.37215,
2019-08-20,1.37062,
2019-08-21,1.37171,
2019-08-22,1.3701,
2019-08-23,1.37006,
2019-08-24,,No value available
2019-08-25,,No value available
2019-08-26,1.37234,
2019-08-27,1.37184,
2019-08-28,1.37094,
2019-08-29,1.36981,
2019-08-30,1.36834,
2019-08-31,,No value available
2019-09-01,,No value available
2019-09-02,,No value available
2019-09-03,1.36267,
2019-09-04,1.36776,
2019-09-05,1.37017,
2019-09-06,1.36906,
2019-09-07,,No value available
2019-09-08,,No value available
2019-09-09,1.36934,
2019-09-10,1.36939,
2019-09-11,1.36796,
2019-09-12,1.36873,
2019-09-13,1.37317,
2019-09-14,,No value available
2019-09-15,,No value available
2019-09-16,1.37095,
2019-09-17,1.3689,
2019-09-18,1.37032,
2019-09-19,1.37113,
2019-09-20,1.37083,
2019-09-21,,No value available
2019-09-22,,No value available
2019-09-23,1.36774,
2019-09-24,1.36809,
2019-09-25,1.36806,
2019-09-26,1.36466,
2019-09-27,1.36425,
2019-09-28,,No value available
2019-09-29,,No value available
2019-09-30,1.36331,
2019-10-01,1.36202,
2019-10-02,1.36289,
2019-10-03,1.36567,
2019-10-04,1.36776,
2019-10-05,,No value available
2019-10-06,,No value available
2019-10-07,1.36701,
2019-10-08,1.36618,
2019-10-09,1.36569,
2019-10-10,1.36782,
2019-10-11,1.37055,
2019-10-12,,No value available
2019-10-13,,No value available
2019-10-14,,No value available
2019-10-15,1.37073,
2019-10-16,1.37122,
2019-10-17,1.37612,
2019-10-18,1.37699,
2019-10-19,,No value available
2019-10-20,,No value available
2019-10-21,1.37928,
2019-10-22,1.37809,
2019-10-23,1.37617,
2019-10-24,1.37706,
2019-10-25,1.37609,
2019-10-26,,No value available
2019-10-27,,No value available
2019-10-28,1.37547,
2019-10-29,1.37492,
2019-10-30,1.37666,
2019-10-31,1.37939,
2019-11-01,1.38002,
2019-11-02,,No value available
2019-11-03,,No value available
2019-11-04,1.37977,
2019-11-05,1.37811,
2019-11-06,1.37631,
2019-11-07,1.37609,
2019-11-08,1.37348,
2019-11-09,,No value available
2019-11-10,,No value available
2019-11-11,1.37356,
2019-11-12,1.373,
2019-11-13,1.37266,
2019-11-14,1.37223,
2019-11-15,1.37451,
2019-11-16,,No value available
2019-11-17,,No value available
2019-11-18,1.37569,
2019-11-19,1.37635,
2019-11-20,1.37518,
2019-11-21,1.37675,
2019-11-22,1.37522,
2019-11-23,,No value available
2019-11-24,,No value available
2019-11-25,1.37311,
2019-11-26,1.37298,
2019-11-27,1.3729,
2019-11-28,,No value available
2019-11-29,,No value available
2019-11-30,,No value available
2019-12-01,,No value available
2019-12-02,1.37231,
2019-12-03,1.37584,
2019-12-04,1.37662,
2019-12-05,1.37811,
2019-12-06,1.37868,
2019-12-07,,No value available
2019-12-08,,No value available
2019-12-09,1.37824,
2019-12-10,1.37856,
2019-12-11,1.37809,
2019-12-12,1.38045,
2019-12-13,1.38409,
2019-12-14,,No value available
2019-12-15,,No value available
2019-12-16,1.38247,
2019-12-17,1.38166,
2019-12-18,1.37948,
2019-12-19,1.37938,
2019-12-20,1.37768,
2019-12-21,,No value available
2019-12-22,,No value available
2019-12-23,1.37658,
2019-12-24,,No value available
2019-12-25,,No value available
2019-12-26,1.37761,
2019-12-27,1.38016,
2019-12-28,,No value available
2019-12-29,,No value available
2019-12-30,1.38283,
2019-12-31,,No value available
2020-01-01,,No value available
2020-01-02,1.38403,
2020-01-03,1.38127,
2020-01-04,,No value available
2020-01-05,,No value available
2020-01-06,1.38497,
2020-01-07,1.38432,
2020-01-08,1.38152,
2020-01-09,1.37937,
2020-01-10,1.37938,
2020-01-11,,No value available
2020-01-12,,No value available
2020-01-13,1.38003,
2020-01-14,1.38062,
2020-01-15,1.38146,
2020-01-16,1.38235,
2020-01-17,1.38061,
2020-01-18,,No value available
2020-01-19,,No value available
2020-01-20,,No value available
2020-01-21,1.3797,
2020-01-22,1.37907,
2020-01-23,1.3796,
2020-01-24,1.37705,
2020-01-25,,No value available
2020-01-26,,No value available
2020-01-27,1.37624,
2020-01-28,1.37517,
2020-01-29,1.37503,
2020-01-30,1.37591,
2020-01-31,1.37695,
2020-02-01,,No value available
2020-02-02,,No value available
2020-02-03,1.37711,
2020-02-04,1.37635,
2020-02-05,1.37542,
2020-02-06,1.37356,
2020-02-07,1.37089,
2020-02-08,,No value available
2020-02-09,,No value available
2020-02-10,1.37106,
2020-02-11,1.36978,
2020-02-12,1.37027,
2020-02-13,1.36808,
2020-02-14,1.36751,
2020-02-15,,No value available
2020-02-16,,No value available
2020-02-17,,No value available
2020-02-18,1.3669,
2020-02-19,1.36457,
2020-02-20,1.36162,
2020-02-21,1.36241,
2020-02-22,,No value available
2020-02-23,,No value available
2020-02-24,1.36324,
2020-02-25,1.36548,
2020-02-26,1.36712,
2020-02-27,1.36966,
2020-02-28,1.37328,
2020-02-29,,No value available
2020-03-01,,No value available
2020-03-02,1.37895,
2020-03-03,1.37832,
2020-03-04,1.38136,
2020-03-05,1.38392,
2020-03-06,1.39246,
2020-03-07,,No value available
2020-03-08,,No value available
2020-03-09,1.39976,
2020-03-10,1.39371,
2020-03-11,1.39161,
2020-03-12,1.38625,
2020-03-13,1.37816,
2020-03-14,,No value available
2020-03-15,,No value available
2020-03-16,1.37864,
2020-03-17,1.36845,
2020-03-18,1.36475,
2020-03-19,1.34779,
2020-03-20,1.3489,
2020-03-21,,No value available
2020-03-22,,No value available
2020-03-23,1.34588,
2020-03-24,1.35462,
2020-03-25,1.35264,
2020-03-26,1.36091,
2020-03-27,1.36569,
2020-03-28,,No value available
2020-03-29,,No value available
2020-03-30,1.37057,
2020-03-31,1.3648,
2020-04-01,1.36591,
2020-04-02,1.36563,
2020-04-03,1.35837,
2020-04-04,,No value available
2020-04-05,,No value available
2020-04-06,1.35822,
2020-04-07,1.3619,
2020-04-08,1.36219,
2020-04-09,1.3626,
2020-04-10,1.36729,
2020-04-11,,No value available
2020-04-12,,No value available
2020-04-13,1.36609,
2020-04-14,1.36846,
2020-04-15,1.36661,
2020-04-16,1.36485,
2020-04-17,1.36262,
2020-04-18,,No value available
2020-04-19,,No value available
2020-04-20,1.36386,
2020-04-21,1.36149,
2020-04-22,1.3631,
2020-04-23,1.35946,
2020-04-24,1.3597,
2020-04-25,,No value available
2020-04-26,,No value available
2020-04-27,1.36382,
2020-04-28,1.36589,
2020-04-29,1.36393,
2020-04-30,1.3664,
2020-05-01,1.36928,
2020-05-02,,No value available
2020-05-03,,No value available
2020-05-04,1.36615,
2020-05-05,1.36288,
2020-05-06,1.36159,
2020-05-07,1.36105,
2020-05-08,1.36373,
2020-05-09,,No value available
2020-05-10,,No value available
2020-05-11,1.36083,
2020-05-12,1.36179,
2020-05-13,1.36272,
2020-05-14,1.35873,
2020-05-15,1.35939,
2020-05-16,,No value available
2020-05-17,,No value available
2020-05-18,1.35824,
2020-05-19,1.36547,
2020-05-20,1.36523,
2020-05-21,1.36589,
2020-05-22,1.36187,
2020-05-23,,No value available
2020-05-24,,No value available
2020-05-25,,No value available
2020-05-26,1.36482,
2020-05-27,1.36697,
2020-05-28,1.36556,
2020-05-29,1.37202,
2020-05-30,,No value available
2020-05-31,,No value available
2020-06-01,1.37125,
2020-06-02,1.37585,
2020-06-03,1.37633,
2020-06-04,1.37553,
2020-06-05,1.38164,
2020-06-06,,No value available
2020-06-07,,No value available
2020-06-08,1.37967,
2020-06-09,1.38113,
2020-06-10,1.38681,
2020-06-11,1.38656,
2020-06-12,1.38255,
2020-06-13,,No value available
2020-06-14,,No value available
2020-06-15,1.37935,
2020-06-16,1.38367,
2020-06-17,1.37986,
2020-06-18,1.38039,
2020-06-19,1.3774,
2020-06-20,,No value available
2020-06-21,,No value available
2020-06-22,1.3779,
2020-06-23,1.38151,
2020-06-24,1.38326,
2020-06-25,1.37745,
2020-06-26,1.37834,
2020-06-27,,No value available
2020-06-28,,No value available
2020-06-29,1.37977,
2020-06-30,1.3757,
2020-07-01,1.37707,
2020-07-02,1.38081,
2020-07-03,,No value available
2020-07-04,,No value available
2020-07-05,,No value available
2020-07-06,,No value available
2020-07-07,1.38132,
2020-07-08,1.3822,
2020-07-09,1.38552,
2020-07-10,1.38446,
2020-07-11,,No value available
2020-07-12,,No value available
2020-07-13,1.38552,
2020-07-14,1.38562,
2020-07-15,1.39038,
2020-07-16,1.38737,
2020-07-17,1.38888,
2020-07-18,,No value available
2020-07-19,,No value available
2020-07-20,1.39041,
2020-07-21,1.39053,
2020-07-22,1.39577,
2020-07-23,1.39609,
2020-07-24,1.39663,
2020-07-25,,No value available
2020-07-26,,No value available
2020-07-27,1.40486,
2020-07-28,1.40553,
2020-07-29,1.40679,
2020-07-30,1.40706,
2020-07-31,1.41307,
2020-08-01,,No value available
2020-08-02,,No value available
2020-08-03,1.40567,
2020-08-04,1.40738,
2020-08-05,1.41199,
2020-08-06,1.41284,
2020-08-07,1.41093,
2020-08-08,,No value available
2020-08-09,,No value available
2020-08-10,1.40678,
2020-08-11,1.40964,
2020-08-12,1.40793,
2020-08-13,1.4111,
2020-08-14,1.40968,
2020-08-15,,No value available
2020-08-16,,No value available
2020-08-17,1.41179,
2020-08-18,1.41561,
2020-08-19,1.41824,
2020-08-20,1.4126,
2020-08-21,1.4116,
2020-08-22,,No value available
2020-08-23,,No value available
2020-08-24,1.41266,
2020-08-25,1.41169,
2020-08-26,1.41217,
2020-08-27,1.41232,
2020-08-28,1.41839,
2020-08-29,,No value available
2020-08-30,,No value available
2020-08-31,1.41891,
2020-09-01,1.42354,
2020-09-02,1.41725,
2020-09-03,1.41379,
2020-09-04,,No value available
2020-09-05,,No value available
2020-09-06,,No value available
2020-09-07,,No value available
2020-09-08,1.41172,
2020-09-09,1.40897,
2020-09-10,1.41322,
2020-09-11,1.41226,
2020-09-12,,No value available
2020-09-13,,No value available
2020-09-14,1.4139,
2020-09-15,1.41664,
2020-09-16,1.41684,
2020-09-17,1.41401,
2020-09-18,1.41664,
2020-09-19,,No value available
2020-09-20,,No value available
2020-09-21,1.41329,
2020-09-22,1.41187,
2020-09-23,1.40775,
2020-09-24,1.40412,
2020-09-25,1.40346,
2020-09-26,,No value available
2020-09-27,,No value available
2020-09-28,1.40659,
2020-09-29,1.40728,
2020-09-30,1.40757,
2020-10-01,1.41052,
2020-10-02,1.41008,
2020-10-03,,No value available
2020-10-04,,No value available
2020-10-05,1.41191,
2020-10-06,1.41294,
2020-10-07,1.41119,
2020-10-08,1.41151,
2020-10-09,1.4146,
2020-10-10,,No value available
2020-10-11,,No value available
2020-10-12,,No value available
2020-10-13,1.41467,
2020-10-14,1.4117,
2020-10-15,1.41152,
2020-10-16,1.41137,
2020-10-17,,No value available
2020-10-18,,No value available
2020-10-19,1.41464,
2020-10-20,1.41587,
2020-10-21,1.4202,
2020-10-22,1.41867,
2020-10-23,1.41961,
2020-10-24,,No value available
2020-10-25,,No value available
2020-10-26,1.41723,
2020-10-27,1.41765,
2020-10-28,1.41319,
2020-10-29,1.41199,
2020-10-30,1.41164,
2020-10-31,,No value available
2020-11-01,,No value available
2020-11-02,1.40972,
2020-11-03,1.41284,
2020-11-04,1.4134,
2020-11-05,1.41964,
2020-11-06,1.42431,
2020-11-07,,No value available
2020-11-08,,No value available
2020-11-09,1.4249,
2020-11-10,1.42002,
2020-11-11,1.41811,
2020-11-12,1.41909,
2020-11-13,1.41982,
2020-11-14,,No value available
2020-11-15,,No value available
2020-11-16,1.42154,
2020-11-17,1.42536,
2020-11-18,1.42562,
2020-11-19,1.42329,
2020-11-20,1.42552,
2020-11-21,,No value available
2020-11-22,,No value available
2020-11-23,1.42766,
2020-11-24,1.42453,
2020-11-25,1.42527,
2020-11-26,,No value available
2020-11-27,,No value available
2020-11-28,,No value available
2020-11-29,,No value available
2020-11-30,1.43009,
2020-12-01,1.429,
2020-12-02,1.43203,
2020-12-03,1.43674,
2020-12-04,1.43929,
2020-12-05,,No value available
2020-12-06,,No value available
2020-12-07,1.43476,
2020-12-08,1.43562,
2020-12-09,1.43703,
2020-12-10,1.43348,
2020-12-11,1.43446,
2020-12-12,,No value available
2020-12-13,,No value available
2020-12-14,1.43862,
2020-12-15,1.43798,
2020-12-16,1.44191,
2020-12-17,1.4445,
2020-12-18,1.44397,
2020-12-19,,No value available
2020-12-20,,No value available
2020-12-21,1.43706,
2020-12-22,1.44201,
2020-12-23,1.44027,
2020-12-24,,No value available
2020-12-25,,No value available
2020-12-26,,No value available
2020-12-27,,No value available
2020-12-28,,No value available
2020-12-29,,No value available
2020-12-30,,No value available
2020-12-31,,No value available
2021-01-01,,No value available
2021-01-02,,No value available
2021-01-03,,No value available
2021-01-04,1.44878,
2021-01-05,1.44796,
2021-01-06,1.45068,
2021-01-07,1.44526,
2021-01-08,1.44517,
2021-01-09,,No value available
2021-01-10,,No value available
2021-01-11,1.44024,
2021-01-12,1.44091,
2021-01-13,1.44219,
2021-01-14,1.44172,
2021-01-15,1.4404,
2021-01-16,,No value available
2021-01-17,,No value available
2021-01-18,,No value available
2021-01-19,1.4399,
2021-01-20,1.44035,
2021-01-21,1.44253,
2021-01-22,1.44246,
2021-01-23,,No value available
2021-01-24,,No value available
2021-01-25,1.44176,
2021-01-26,1.44114,
2021-01-27,1.44051,
2021-01-28,1.43866,
2021-01-29,1.4408,
2021-01-30,,No value available
2021-01-31,,No value available
2021-02-01,1.4383,
2021-02-02,1.43589,
2021-02-03,1.43496,
2021-02-04,1.43325,
2021-02-05,1.43325,
2021-02-06,,No value available
2021-02-07,,No value available
2021-02-08,1.43574,
2021-02-09,1.44108,
2021-02-10,1.44217,
2021-02-11,1.4424,
2021-02-12,1.44075,
2021-02-13,,No value available
2021-02-14,,No value available
2021-02-15,,No value available
2021-02-16,1.44418,
2021-02-17,1.43826,
2021-02-18,1.43947,
2021-02-19,1.44292,
2021-02-20,,No value available
2021-02-21,,No value available
2021-02-22,1.44248,
2021-02-23,1.44397,
2021-02-24,1.44471,
2021-02-25,1.44665,
2021-02-26,1.43927,
2021-02-27,,No value available
2021-02-28,,No value available
2021-03-01,1.43671,
2021-03-02,1.43581,
2021-03-03,1.43724,
2021-03-04,1.43579,
2021-03-05,1.42886,
2021-03-06,,No value available
2021-03-07,,No value available
2021-03-08,1.42542,
2021-03-09,1.42751,
2021-03-10,1.42689,
2021-03-11,1.43161,
2021-03-12,1.42822,
2021-03-13,,No value available
2021-03-14,,No value available
2021-03-15,1.42848,
2021-03-16,1.42941,
2021-03-17,1.42717,
2021-03-18,1.42974,
2021-03-19,1.42781,
2021-03-20,,No value available
2021-03-21,,No value available
2021-03-22,1.42903,
2021-03-23,1.42638,
2021-03-24,1.42349,
2021-03-25,1.42133,
2021-03-26,1.4201,
2021-03-27,,No value available
2021-03-28,,No value available
2021-03-29,1.42016,
2021-03-30,1.41689,
2021-03-31,1.41721,
2021-04-01,1.41662,
2021-04-02,1.41834,
2021-04-03,,No value available
2021-04-04,,No value available
2021-04-05,1.41842,
2021-04-06,1.4208,
2021-04-07,1.42495,
2021-04-08,1.42318,
2021-04-09,1.42344,
2021-04-10,,No value available
2021-04-11,,No value available
2021-04-12,1.42552,
2021-04-13,1.42452,
2021-04-14,1.42793,
2021-04-15,1.4286,
2021-04-16,1.43005,
2021-04-17,,No value available
2021-04-18,,No value available
2021-04-19,1.43434,
2021-04-20,1.43493,
2021-04-21,1.43339,
2021-04-22,1.43496,
2021-04-23,1.43528,
2021-04-24,,No value available
2021-04-25,,No value available
2021-04-26,1.43707,
2021-04-27,1.43625,
2021-04-28,1.43461,
2021-04-29,1.43774,
2021-04-30,1.43599,
2021-05-01,,No value available
2021-05-02,,No value available
2021-05-03,1.43374,
2021-05-04,1.43189,
2021-05-05,1.43258,
2021-05-06,1.43367,
2021-05-07,1.43575,
2021-05-08,,No value available
2021-05-09,,No value available
2021-05-10,1.44241,
2021-05-11,1.44204,
2021-05-12,1.44042,
2021-05-13,1.43587,
2021-05-14,1.4387,
2021-05-15,,No value available
2021-05-16,,No value available
2021-05-17,1.44109,
2021-05-18,1.44413,
2021-05-19,1.44338,
2021-05-20,1.44273,
2021-05-21,1.44498,
2021-05-22,,No value available
2021-05-23,,No value available
2021-05-24,1.44382,
2021-05-25,1.44609,
2021-05-26,1.44641,
2021-05-27,1.44467,
2021-05-28,,No value available
2021-05-29,,No value available
2021-05-30,,No value available
2021-05-31,,No value available
2021-06-01,1.44503,
2021-06-02,1.44233,
2021-06-03,1.4433,
2021-06-04,1.43881,
2021-06-05,,No value available
2021-06-06,,No value available
2021-06-07,1.44203,
2021-06-08,1.44284,
2021-06-09,1.44387,
2021-06-10,1.44223,
2021-06-11,1.44207,
2021-06-12,,No value available
2021-06-13,,No value available
2021-06-14,1.43967,
2021-06-15,1.43917,
2021-06-16,1.43969,
2021-06-17,1.42931,
2021-06-18,1.42873,
2021-06-19,,No value available
2021-06-20,,No value available
2021-06-21,1.42711,
2021-06-22,1.42648,
2021-06-23,1.42856,
2021-06-24,1.42887,
2021-06-25,1.42893,
2021-06-26,,No value available
2021-06-27,,No value available
2021-06-28,1.4286,
2021-06-29,1.42679,
2021-06-30,1.42642,
2021-07-01,1.42393,
2021-07-02,,No value available
2021-07-03,,No value available
2021-07-04,,No value available
2021-07-05,,No value available
2021-07-06,1.42422,
2021-07-07,1.42324,
2021-07-08,1.42368,
2021-07-09,1.42465,
2021-07-10,,No value available
2021-07-11,,No value available
2021-07-12,1.4247,
2021-07-13,1.42487,
2021-07-14,1.42276,
2021-07-15,1.42458,
2021-07-16,1.42267,
2021-07-17,,No value available
2021-07-18,,No value available
2021-07-19,1.42067,
2021-07-20,1.42083,
2021-07-21,1.41986,
2021-07-22,1.42199,
2021-07-23,1.42019,
2021-07-24,,No value available
2021-07-25,,No value available
2021-07-26,1.42163,
2021-07-27,1.42121,
2021-07-28,1.42284,
2021-07-29,1.42749,
2021-07-30,1.42877,
2021-07-31,,No value available
2021-08-01,,No value available
2021-08-02,1.42787,
2021-08-03,1.42841,
2021-08-04,1.42726,
2021-08-05,1.42656,
2021-08-06,1.42425,
2021-08-07,,No value available
2021-08-08,,No value available
2021-08-09,1.42147,
2021-08-10,1.41977,
2021-08-11,1.41847,
2021-08-12,1.42018,
2021-08-13,1.42035,
2021-08-14,,No value available
2021-08-15,,No value available
2021-08-16,1.42313,
2021-08-17,1.42189,
2021-08-18,1.41895,
2021-08-19,1.41758,
2021-08-20,1.41622,
2021-08-21,,No value available
2021-08-22,,No value available
2021-08-23,1.41847,
2021-08-24,1.41974,
2021-08-25,1.42016,
2021-08-26,1.42109,
2021-08-27,1.42009,
2021-08-28,,No value available
2021-08-29,,No value available
2021-08-30,1.4226,
2021-08-31,1.42426,
2021-09-01,1.42324,
2021-09-02,,No value available
2021-09-03,,No value available
2021-09-04,,No value available
2021-09-05,,No value available
2021-09-06,,No value available
2021-09-07,1.42598,
2021-09-08,1.42333,
2021-09-09,1.42471,
2021-09-10,1.42564,
2021-09-11,,No value available
2021-09-12,,No value available
2021-09-13,1.42251,
2021-09-14,1.42411,
2021-09-15,1.426,
2021-09-16,1.42307,
2021-09-17,1.42257,
2021-09-18,,No value available
2021-09-19,,No value available
2021-09-20,1.41876,
2021-09-21,1.41968,
2021-09-22,1.41948,
2021-09-23,1.41901,
2021-09-24,1.41904,
2021-09-25,,No value available
2021-09-26,,No value available
2021-09-27,1.41772,
2021-09-28,1.41534,
2021-09-29,1.41354,
2021-09-30,1.40887,
2021-10-01,1.41168,
2021-10-02,,No value available
2021-10-03,,No value available
2021-10-04,1.41329,
2021-10-05,1.41268,
2021-10-06,1.40949,
2021-10-07,1.41093,
2021-10-08,1.41087,
2021-10-09,,No value available
2021-10-10,,No value available
2021-10-11,,No value available
2021-10-12,1.40899,
2021-10-13,1.40938,
2021-10-14,1.41239,
2021-10-15,1.41188,
2021-10-16,,No value available
2021-10-17,,No value available
2021-10-18,1.41112,
2021-10-19,1.41589,
2021-10-20,1.41389,
2021-10-21,1.41478,
2021-10-22,1.41501,
2021-10-23,,No value available
2021-10-24,,No value available
2021-10-25,1.41446,
2021-10-26,1.4148,
2021-10-27,1.4125,
2021-10-28,1.4135,
2021-10-29,1.41538,
2021-10-30,,No value available
2021-10-31,,No value available
2021-11-01,1.41082,
2021-11-02,1.41229,
2021-11-03,1.41165,
2021-11-04,1.40951,
2021-11-05,1.40747,
2021-11-06,,No value available
2021-11-07,,No value available
2021-11-08,1.41024,
2021-11-09,1.41155,
2021-11-10,1.40947,
2021-11-11,1.40475,
2021-11-12,1.4044,
2021-11-13,,No value available
2021-11-14,,No value available
2021-11-15,1.40493,
2021-11-16,1.40119,
2021-11-17,1.39933,
2021-11-18,1.40076,
2021-11-19,1.39852,
2021-11-20,,No value available
2021-11-21,,No value available
2021-11-22,1.39765,
2021-11-23,1.39476,
2021-11-24,1.3939,
2021-11-25,,No value available
2021-11-26,,No value available
2021-11-27,,No value available
2021-11-28,,No value available
2021-11-29,1.39804,
2021-11-30,1.4008,
2021-12-01,1.3995,
2021-12-02,1.40051,
2021-12-03,1.39858,
2021-12-04,,No value available
2021-12-05,,No value available
2021-12-06,1.39799,
2021-12-07,1.39623,
2021-12-08,1.39717,
2021-12-09,1.3978,
2021-12-10,1.39595,
2021-12-11,,No value available
2021-12-12,,No value available
2021-12-13,1.39691,
2021-12-14,1.39868,
2021-12-15,1.39654,
2021-12-16,1.39781,
2021-12-17,1.3985,
2021-12-18,,No value available
2021-12-19,,No value available
2021-12-20,1.39579,
2021-12-21,1.39683,
2021-12-22,1.39765,
2021-12-23,1.39959,
2021-12-24,,No value available
2021-12-25,,No value available
2021-12-26,,No value available
2021-12-27,,No value available
2021-12-28,,No value available
2021-12-29,,No value available
2021-12-30,,No value available
2021-12-31,,No value available
2022-01-01,,No value available
2022-01-02,,No value available
2022-01-03,1.40098,
2022-01-04,1.39656,
2022-01-05,1.39914,
2022-01-06,1.39841,
2022-01-07,1.39818,
2022-01-08,,No value available
2022-01-09,,No value available
2022-01-10,1.39994,
2022-01-11,1.40038,
2022-01-12,1.40186,
2022-01-13,1.40739,
2022-01-14,1.4079,
2022-01-15,,No value available
2022-01-16,,No value available
2022-01-17,,No value available
2022-01-18,1.4036,
2022-01-19,1.40223,
2022-01-20,1.40239,
2022-01-21,1.40202,
2022-01-22,,No value available
2022-01-23,,No value available
2022-01-24,1.40091,
2022-01-25,1.39888,
2022-01-26,1.39973,
2022-01-27,1.39204,
2022-01-28,1.39073,
2022-01-29,,No value available
2022-01-30,,No value available
2022-01-31,1.39178,
2022-02-01,1.39796,
2022-02-02,1.40071,
2022-02-03,1.39918,
2022-02-04,1.40662,
2022-02-05,,No value available
2022-02-06,,No value available
2022-02-07,1.40463,
2022-02-08,1.40365,
2022-02-09,1.40401,
2022-02-10,1.40392,
2022-02-11,1.40227,
2022-02-12,,No value available
2022-02-13,,No value available
2022-02-14,1.39927,
2022-02-15,1.40084,
2022-02-16,1.40276,
2022-02-17,1.40313,
2022-02-18,1.40325,
2022-02-19,,No value available
2022-02-20,,No value available
2022-02-21,,No value available
2022-02-22,1.40207,
2022-02-23,1.40242,
2022-02-24,1.39418,
2022-02-25,1.39424,
2022-02-26,,No value available
2022-02-27,,No value available
2022-02-28,1.39486,
2022-03-01,1.39474,
2022-03-02,1.39056,
2022-03-03,1.38983,
2022-03-04,1.38515,
2022-03-05,,No value available
2022-03-06,,No value available
2022-03-07,1.37999,
2022-03-08,1.38043,
2022-03-09,1.38333,
2022-03-10,1.38595,
2022-03-11,1.38326,
2022-03-12,,No value available
2022-03-13,,No value available
2022-03-14,1.37801,
2022-03-15,1.37933,
2022-03-16,1.38138,
2022-03-17,1.38325,
2022-03-18,1.38122,
2022-03-19,,No value available
2022-03-20,,No value available
2022-03-21,1.38188,
2022-03-22,1.37967,
2022-03-23,1.37855,
2022-03-24,1.37816,
2022-03-25,1.3794,
2022-03-26,,No value available
2022-03-27,,No value available
2022-03-28,1.37577,
2022-03-29,1.37801,
2022-03-30,1.38329,
2022-03-31,1.3824,
2022-04-01,1.38038,
2022-04-02,,No value available
2022-04-03,,No value available
2022-04-04,1.37697,
2022-04-05,1.37613,
2022-04-06,1.37277,
2022-04-07,1.3721,
2022-04-08,1.37121,
2022-04-09,,No value available
2022-04-10,,No value available
2022-04-11,1.37091,
2022-04-12,1.36887,
2022-04-13,1.36701,
2022-04-14,1.37157,
2022-04-15,1.3664,
2022-04-16,,No value available
2022-04-17,,No value available
2022-04-18,1.36576,
2022-04-19,1.36347,
2022-04-20,1.36572,
2022-04-21,1.36647,
2022-04-22,1.36009,
2022-04-23,,No value available
2022-04-24,,No value available
2022-04-25,1.35337,
2022-04-26,1.35333,
2022-04-27,1.34867,
2022-04-28,1.33994,
2022-04-29,1.3443,
2022-04-30,,No value available
2022-05-01,,No value available
2022-05-02,1.34171,
2022-05-03,1.33977,
2022-05-04,1.34156,
2022-05-05,1.34509,
2022-05-06,1.3413,
2022-05-07,,No value available
2022-05-08,,No value available
2022-05-09,1.33744,
2022-05-10,1.33894,
2022-05-11,1.339,
2022-05-12,1.33295,
2022-05-13,1.33077,
2022-05-14,,No value available
2022-05-15,,No value available
2022-05-16,1.33302,
2022-05-17,1.33904,
2022-05-18,1.33873,
2022-05-19,1.34042,
2022-05-20,1.34443,
2022-05-21,,No value available
2022-05-22,,No value available
2022-05-23,1.34968,
2022-05-24,1.34991,
2022-05-25,1.34796,
2022-05-26,1.3501,
2022-05-27,1.34915,
2022-05-28,,No value available
2022-05-29,,No value available
2022-05-30,,No value available
2022-05-31,1.3497,
2022-06-01,1.34914,
2022-06-02,1.34803,
2022-06-03,1.35057,
2022-06-04,,No value available
2022-06-05,,No value available
2022-06-06,1.34965,
2022-06-07,1.34477,
2022-06-08,1.34556,
2022-06-09,1.34638,
2022-06-10,1.33983,
2022-06-11,,No value available
2022-06-12,,No value available
2022-06-13,1.3313,
2022-06-14,1.32921,
2022-06-15,1.33182,
2022-06-16,1.32935,
2022-06-17,1.33524,
2022-06-18,,No value available
2022-06-19,,No value available
2022-06-20,,No value available
2022-06-21,1.33584,
2022-06-22,1.33347,
2022-06-23,1.3334,
2022-06-24,1.33599,
2022-06-25,,No value available
2022-06-26,,No value available
2022-06-27,1.33753,
2022-06-28,1.33632,
2022-06-29,1.33288,
2022-06-30,1.32778,
2022-07-01,1.32989,
2022-07-02,,No value available
2022-07-03,,No value available
2022-07-04,,No value available
2022-07-05,1.32333,
2022-07-06,1.31876,
2022-07-07,1.31888,
2022-07-08,1.31701,
2022-07-09,,No value available
2022-07-10,,No value available
2022-07-11,1.31489,
2022-07-12,1.30973,
2022-07-13,1.31198,
2022-07-14,1.30751,
2022-07-15,1.30931,
2022-07-16,,No value available
2022-07-17,,No value available
2022-07-18,1.31528,
2022-07-19,1.32007,
2022-07-20,1.31643,
2022-07-21,1.31528,
2022-07-22,1.3154,
2022-07-23,,No value available
2022-07-24,,No value available
2022-07-25,1.31985,
2022-07-26,1.31571,
2022-07-27,1.31678,
2022-07-28,1.31692,
2022-07-29,1.3236,
2022-07-30,,No value available
2022-07-31,,No value available
2022-08-01,1.32475,
2022-08-02,1.3241,
2022-08-03,1.32102,
2022-08-04,1.32026,
2022-08-05,1.3227,
2022-08-06,,No value available
2022-08-07,,No value available
2022-08-08,1.31927,
2022-08-09,1.32069,
2022-08-10,1.32119,
2022-08-11,1.32776,
2022-08-12,1.32455,
2022-08-13,,No value available
2022-08-14,,No value available
2022-08-15,1.32039,
2022-08-16,1.3158,
2022-08-17,1.31789,
2022-08-18,1.31695,
2022-08-19,1.30909,
2022-08-20,,No value available
2022-08-21,,No value available
2022-08-22,1.3062,
2022-08-23,1.30226,
2022-08-24,1.30221,
2022-08-25,1.30557,
2022-08-26,1.30647,
2022-08-27,,No value available
2022-08-28,,No value available
2022-08-29,1.30194,
2022-08-30,1.30421,
2022-08-31,1.30134,
2022-09-01,1.30191,
2022-09-02,1.30018,
2022-09-03,,No value available
2022-09-04,,No value available
2022-09-05,,No value available
2022-09-06,1.29533,
2022-09-07,1.29088,
2022-09-08,1.29727,
2022-09-09,1.30236,
2022-09-10,,No value available
2022-09-11,,No value available
2022-09-12,1.30477,
2022-09-13,1.30678,
2022-09-14,1.29741,
2022-09-15,1.29491,
2022-09-16,1.29417,
2022-09-17,,No value available
2022-09-18,,No value available
2022-09-19,1.29412,
2022-09-20,1.29503,
2022-09-21,1.29006,
2022-09-22,1.28812,
2022-09-23,1.27995,
2022-09-24,,No value available
2022-09-25,,No value available
2022-09-26,1.27199,
2022-09-27,1.27188,
2022-09-28,1.26686,
2022-09-29,1.27588,
2022-09-30,1.27988,
2022-10-01,,No value available
2022-10-02,,No value available
2022-10-03,1.28068,
2022-10-04,1.28809,
2022-10-05,1.29001,
2022-10-06,1.28725,
2022-10-07,1.28252,
2022-10-08,,No value available
2022-10-09,,No value available
2022-10-10,,No value available
2022-10-11,1.2765,
2022-10-12,1.2759,
2022-10-13,1.27636,
2022-10-14,1.2765,
2022-10-15,,No value available
2022-10-16,,No value available
2022-10-17,1.27658,
2022-10-18,1.27876,
2022-10-19,1.2762,
2022-10-20,1.27688,
2022-10-21,1.27273,
2022-10-22,,No value available
2022-10-23,,No value available
2022-10-24,1.27719,
2022-10-25,1.27795,
2022-10-26,1.2906,
2022-10-27,1.29039,
2022-10-28,1.28542,
2022-10-29,,No value available
2022-10-30,,No value available
2022-10-31,1.28329,
2022-11-01,1.28571,
2022-11-02,1.28335,
2022-11-03,1.27321,
2022-11-04,1.27835,
2022-11-05,,No value available
2022-11-06,,No value available
2022-11-07,1.28755,
2022-11-08,1.28805,
2022-11-09,1.29022,
2022-11-10,1.28501,
2022-11-11,1.3091,
2022-11-12,,No value available
2022-11-13,,No value available
2022-11-14,1.30868,
2022-11-15,1.31597,
2022-11-16,1.31533,
2022-11-17,1.31068,
2022-11-18,1.31247,
2022-11-19,,No value available
2022-11-20,,No value available
2022-11-21,1.30406,
2022-11-22,1.30726,
2022-11-23,1.30886,
2022-11-24,,No value available
2022-11-25,,No value available
2022-11-26,,No value available
2022-11-27,,No value available
2022-11-28,1.31711,
2022-11-29,1.31425,
2022-11-30,1.31484,
2022-12-01,1.32086,
2022-12-02,1.32836,
2022-12-03,,No value available
2022-12-04,,No value available
2022-12-05,1.33016,
2022-12-06,1.32609,
2022-12-07,1.32372,
2022-12-08,1.32531,
2022-12-09,1.32897,
2022-12-10,,No value available
2022-12-11,,No value available
2022-12-12,1.32821,
2022-12-13,1.3265,
2022-12-14,1.3339,
2022-12-15,1.33081,
2022-12-16,1.32993,
2022-12-17,,No value available
2022-12-18,,No value available
2022-12-19,1.32938,
2022-12-20,1.33347,
2022-12-21,1.33201,
2022-12-22,1.33143,
2022-12-23,1.33084,
2022-12-24,,No value available
2022-12-25,,No value available
2022-12-26,,No value available
2022-12-27,,No value available
2022-12-28,,No value available
2022-12-29,,No value available
2022-12-30,,No value available
2022-12-31,,No value available
2023-01-01,,No value available
2023-01-02,,No value available
2023-01-03,1.32976,
2023-01-04,1.33473,
2023-01-05,1.33342,
2023-01-06,1.32629,
2023-01-07,,No value available
2023-01-08,,No value available
2023-01-09,1.33904,
2023-01-10,1.34141,
2023-01-11,1.34146,
2023-01-12,1.34421,
2023-01-13,1.34841,
2023-01-14,,No value available
2023-01-15,,No value available
2023-01-16,,No value available
2023-01-17,1.34873,
2023-01-18,1.34979,
2023-01-19,1.34916,
2023-01-20,1.34822,
2023-01-21,,No value available
2023-01-22,,No value available
2023-01-23,1.35016,
2023-01-24,1.34928,
2023-01-25,1.3497,
2023-01-26,1.35256,
2023-01-27,1.35113,
2023-01-28,,No value available
2023-01-29,,No value available
2023-01-30,1.3517,
2023-01-31,1.34847,
2023-02-01,1.35154,
2023-02-02,1.35737,
2023-02-03,1.35355,
2023-02-04,,No value available
2023-02-05,,No value available
2023-02-06,1.34169,
2023-02-07,1.33875,
2023-02-08,1.34191,
2023-02-09,1.34346,
2023-02-10,1.33991,
2023-02-11,,No value available
2023-02-12,,No value available
2023-02-13,1.337,
2023-02-14,1.34166,
2023-02-15,1.33738,
2023-02-16,1.33654,
2023-02-17,1.33097,
2023-02-18,,No value available
2023-02-19,,No value available
2023-02-20,,No value available
2023-02-21,1.33394,
2023-02-22,1.33226,
2023-02-23,1.33066,
2023-02-24,1.32779,
2023-02-25,,No value available
2023-02-26,,No value available
2023-02-27,1.32629,
2023-02-28,1.32879,
2023-03-01,1.33387,
2023-03-02,1.32972,
2023-03-03,1.32994,
2023-03-04,,No value available
2023-03-05,,No value available
2023-03-06,1.33004,
2023-03-07,1.33058,
2023-03-08,1.32337,
2023-03-09,1.32584,
2023-03-10,1.32716,
2023-03-11,,No value available
2023-03-12,,No value available
2023-03-13,1.33575,
2023-03-14,1.33731,
2023-03-15,1.33124,
2023-03-16,1.33301,
2023-03-17,1.3346,
2023-03-18,,No value available
2023-03-19,,No value available
2023-03-20,1.33978,
2023-03-21,1.34177,
2023-03-22,1.34186,
2023-03-23,1.34769,
2023-03-24,1.34159,
2023-03-25,,No value available
2023-03-26,,No value available
2023-03-27,1.34174,
2023-03-28,1.34465,
2023-03-29,1.3454,
2023-03-30,1.3457,
2023-03-31,1.34523,
2023-04-01,,No value available
2023-04-02,,No value available
2023-04-03,1.34489,
2023-04-04,1.34823,
2023-04-05,1.34993,
2023-04-06,1.34849,
2023-04-07,1.34814,
2023-04-08,,No value available
2023-04-09,,No value available
2023-04-10,1.34782,
2023-04-11,1.34786,
2023-04-12,1.34713,
2023-04-13,1.35166,
2023-04-14,1.35459,
2023-04-15,,No value available
2023-04-16,,No value available
2023-04-17,1.34933,
2023-04-18,1.34919,
2023-04-19,1.34619,
2023-04-20,1.34855,
2023-04-21,1.34808,
2023-04-22,,No value available
2023-04-23,,No value available
2023-04-24,1.34986,
2023-04-25,1.34959,
2023-04-26,1.35129,
2023-04-27,1.3511,
2023-04-28,1.34701,
2023-04-29,,No value available
2023-04-30,,No value available
2023-05-01,1.34767,
2023-05-02,1.34464,
2023-05-03,1.34972,
2023-05-04,1.35222,
2023-05-05,1.35137,
2023-05-06,,No value available
2023-05-07,,No value available
2023-05-08,1.35193,
2023-05-09,1.34925,
2023-05-10,1.34776,
2023-05-11,1.34658,
2023-05-12,1.34497,
2023-05-13,,No value available
2023-05-14,,No value available
2023-05-15,1.34266,
2023-05-16,1.34341,
2023-05-17,1.33857,
2023-05-18,1.33657,
2023-05-19,1.33592,
2023-05-20,,No value available
2023-05-21,,No value available
2023-05-22,1.33691,
2023-05-23,1.33383,
2023-05-24,1.33303,
2023-05-25,1.33042,
2023-05-26,1.33162,
2023-05-27,,No value available
2023-05-28,,No value available
2023-05-29,,No value available
2023-05-30,1.33088,
2023-05-31,1.32746,
2023-06-01,1.32998,
2023-06-02,1.33415,
2023-06-03,,No value available
2023-06-04,,No value available
2023-06-05,1.32815,
2023-06-06,1.32909,
2023-06-07,1.33023,
2023-06-08,1.33009,
2023-06-09,1.3321,
2023-06-10,,No value available
2023-06-11,,No value available
2023-06-12,1.33282,
2023-06-13,1.33331,
2023-06-14,1.33381,
2023-06-15,1.33463,
2023-06-16,1.34085,
2023-06-17,,No value available
2023-06-18,,No value available
2023-06-19,,No value available
2023-06-20,1.3381,
2023-06-21,1.33676,
2023-06-22,1.34084,
2023-06-23,1.33339,
2023-06-24,,No value available
2023-06-25,,No value available
2023-06-26,1.33438,
2023-06-27,1.33629,
2023-06-28,1.33507,
2023-06-29,1.33388,
2023-06-30,1.33007,
2023-07-01,,No value available
2023-07-02,,No value available
2023-07-03,,No value available
2023-07-04,,No value available
2023-07-05,1.33221,
2023-07-06,1.33356,
2023-07-07,1.33415,
2023-07-08,,No value available
2023-07-09,,No value available
2023-07-10,1.33736,
2023-07-11,1.34229,
2023-07-12,1.34376,
2023-07-13,1.35184,
2023-07-14,1.35451,
2023-07-15,,No value available
2023-07-16,,No value available
2023-07-17,1.35435,
2023-07-18,1.35539,
2023-07-19,1.35019,
2023-07-20,1.35105,
2023-07-21,1.34589,
2023-07-22,,No value available
2023-07-23,,No value available
2023-07-24,1.34467,
2023-07-25,1.34379,
2023-07-26,1.34634,
2023-07-27,1.34891,
2023-07-28,1.34305,
2023-07-29,,No value available
2023-07-30,,No value available
2023-07-31,1.34294,
2023-08-01,1.33971,
2023-08-02,1.3391,
2023-08-03,1.33642,
2023-08-04,1.33691,
2023-08-05,,No value available
2023-08-06,,No value available
2023-08-07,1.33839,
2023-08-08,1.33624,
2023-08-09,1.33746,
2023-08-10,1.33941,
2023-08-11,1.33649,
2023-08-12,,No value available
2023-08-13,,No value available
2023-08-14,1.33375,
2023-08-15,1.33235,
2023-08-16,1.33174,
2023-08-17,1.33071,
2023-08-18,1.32988,
2023-08-19,,No value available
2023-08-20,,No value available
2023-08-21,1.33128,
2023-08-22,1.33104,
2023-08-23,1.32718,
2023-08-24,1.32988,
2023-08-25,1.32684,
2023-08-26,,No value available
2023-08-27,,No value available
2023-08-28,1.3263,
2023-08-29,1.32598,
2023-08-30,1.33014,
2023-08-31,1.32994,
2023-09-01,1.33002,
2023-09-02,,No value available
2023-09-03,,No value available
2023-09-04,,No value available
2023-09-05,1.32284,
2023-09-06,1.32284,
2023-09-07,1.32011,
2023-09-08,1.31985,
2023-09-09,,No value available
2023-09-10,,No value available
2023-09-11,1.32231,
2023-09-12,1.32146,
2023-09-13,1.32265,
2023-09-14,1.32243,
2023-09-15,1.31872,
2023-09-16,,No value available
2023-09-17,,No value available
2023-09-18,1.31895,
2023-09-19,1.32004,
2023-09-20,1.31965,
2023-09-21,1.31662,
2023-09-22,1.31593,
2023-09-23,,No value available
2023-09-24,,No value available
2023-09-25,1.31564,
2023-09-26,1.31335,
2023-09-27,1.31124,
2023-09-28,1.31132,
2023-09-29,1.31498,
2023-09-30,,No value available
2023-10-01,,No value available
2023-10-02,1.31076,
2023-10-03,1.3071,
2023-10-04,1.30929,
2023-10-05,1.31011,
2023-10-06,1.31212,
2023-10-07,,No value available
2023-10-08,,No value available
2023-10-09,,No value available
2023-10-10,1.3141,
2023-10-11,1.31488,
2023-10-12,1.31535,
2023-10-13,1.30992,
2023-10-14,,No value available
2023-10-15,,No value available
2023-10-16,1.31033,
2023-10-17,1.3111,
2023-10-18,1.31115,
2023-10-19,1.31026,
2023-10-20,1.31147,
2023-10-21,,No value available
2023-10-22,,No value available
2023-10-23,1.31256,
2023-10-24,1.31398,
2023-10-25,1.31124,
2023-10-26,1.30916,
2023-10-27,1.31029,
2023-10-28,,No value available
2023-10-29,,No value available
2023-10-30,1.3117,
2023-10-31,1.31414,
2023-11-01,1.3091,
2023-11-02,1.31386,
2023-11-03,1.31466,
2023-11-04,,No value available
2023-11-05,,No value available
2023-11-06,1.32138,
2023-11-07,1.31677,
2023-11-08,1.31656,
2023-11-09,1.3165,
2023-11-10,1.31536,
2023-11-11,,No value available
2023-11-12,,No value available
2023-11-13,1.31599,
2023-11-14,1.31747,
2023-11-15,1.32635,
2023-11-16,1.32458,
2023-11-17,1.32695,
2023-11-18,,No value available
2023-11-19,,No value available
2023-11-20,1.33128,
2023-11-21,1.33337,
2023-11-22,1.33092,
2023-11-23,,No value available
2023-11-24,,No value available
2023-11-25,,No value available
2023-11-26,,No value available
2023-11-27,1.33362,
2023-11-28,1.33349,
2023-11-29,1.33652,
2023-11-30,1.33329,
2023-12-01,1.33226,
2023-12-02,,No value available
2023-12-03,,No value available
2023-12-04,1.33265,
2023-12-05,1.32978,
2023-12-06,1.32747,
2023-12-07,1.32869,
2023-12-08,1.32937,
2023-12-09,,No value available
2023-12-10,,No value available
2023-12-11,1.3274,
2023-12-12,1.32911,
2023-12-13,1.32776,
2023-12-14,1.33856,
2023-12-15,1.34079,
2023-12-16,,No value available
2023-12-17,,No value available
2023-12-18,1.33661,
2023-12-19,1.33651,
2023-12-20,1.33694,
2023-12-21,1.33886,
2023-12-22,1.34208,
2023-12-23,,No value available
2023-12-24,,No value available
2023-12-25,,No value available
2023-12-26,1.34167,
2023-12-27,,No value available
2023-12-28,,No value available
2023-12-29,,No value available
2023-12-30,,No value available
2023-12-31,,No value available
2024-01-01,,No value available
2024-01-02,1.33921,
2024-01-03,1.33612,
2024-01-04,1.33677,
2024-01-05,1.33452,
2024-01-06,,No value available
2024-01-07,,No value available
2024-01-08,1.33605,
2024-01-09,1.33609,
2024-01-10,1.33606,
2024-01-11,1.33767,
2024-01-12,1.33605,
2024-01-13,,No value available
2024-01-14,,No value available
2024-01-15,,No value available
2024-01-16,1.33167,
2024-01-17,1.33079,
2024-01-18,1.33115,
2024-01-19,1.3312,
2024-01-20,,No value available
2024-01-21,,No value available
2024-01-22,1.3315,
2024-01-23,1.33118,
2024-01-24,1.33313,
2024-01-25,1.3328,
2024-01-26,1.3317,
2024-01-27,,No value available
2024-01-28,,No value available
2024-01-29,1.32918,
2024-01-30,1.33012,
2024-01-31,1.32988,
2024-02-01,1.3289,
2024-02-02,1.33282,
2024-02-03,,No value available
2024-02-04,,No value available
2024-02-05,1.32472,
2024-02-06,1.32419,
2024-02-07,1.32626,
2024-02-08,1.32487,
2024-02-09,1.32514,
2024-02-10,,No value available
2024-02-11,,No value available
2024-02-12,1.32534,
2024-02-13,1.32589,
2024-02-14,1.32143,
2024-02-15,1.32282,
2024-02-16,1.32476,
2024-02-17,,No value available
2024-02-18,,No value available
2024-02-19,,No value available
2024-02-20,1.32572,
2024-02-21,1.32616,
2024-02-22,1.32878,
2024-02-23,1.32717,
2024-02-24,,No value available
2024-02-25,,No value available
2024-02-26,1.32827,
2024-02-27,1.32852,
2024-02-28,1.3264,
2024-02-29,1.32756,
2024-03-01,1.32665,
2024-03-02,,No value available
2024-03-03,,No value available
2024-03-04,1.3284,
2024-03-05,1.32804,
2024-03-06,1.3298,
2024-03-07,1.33199,
2024-03-08,1.33475,
2024-03-09,,No value available
2024-03-10,,No value available
2024-03-11,1.3357,
2024-03-12,1.33466,
2024-03-13,1.33435,
2024-03-14,1.33458,
2024-03-15,1.3316,
2024-03-16,,No value available
2024-03-17,,No value available
2024-03-18,1.33162,
2024-03-19,1.32828,
2024-03-20,1.32716,
2024-03-21,1.33039,
2024-03-22,1.32404,
2024-03-23,,No value available
2024-03-24,,No value available
2024-03-25,1.32561,
2024-03-26,1.32689,
2024-03-27,1.32503,
2024-03-28,1.32343,
2024-03-29,1.32405,
2024-03-30,,No value available
2024-03-31,,No value available
2024-04-01,1.32368,
2024-04-02,1.32134,
2024-04-03,1.32273,
2024-04-04,1.32681,
2024-04-05,1.32592,
2024-04-06,,No value available
2024-04-07,,No value available
2024-04-08,1.32556,
2024-04-09,1.32737,
2024-04-10,1.32735,
2024-04-11,1.32003,
2024-04-12,1.31603,
2024-04-13,,No value available
2024-04-14,,No value available
2024-04-15,1.31637,
2024-04-16,1.31423,
2024-04-17,1.3151,
2024-04-18,1.31689,
2024-04-19,1.31535,
2024-04-20,,No value available
2024-04-21,,No value available
2024-04-22,1.31449,
2024-04-23,1.31453,
2024-04-24,1.31634,
2024-04-25,1.31796,
2024-04-26,1.31753,
2024-04-27,,No value available
2024-04-28,,No value available
2024-04-29,1.318,
2024-04-30,1.31793,
2024-05-01,1.31475,
2024-05-02,1.31813,
2024-05-03,1.32185,
2024-05-04,,No value available
2024-05-05,,No value available
2024-05-06,1.3225,
2024-05-07,1.32137,
2024-05-08,1.31974,
2024-05-09,1.3185,
2024-05-10,1.32081,
2024-05-11,,No value available
2024-05-12,,No value available
2024-05-13,1.32061,
2024-05-14,1.32107,
2024-05-15,1.32332,
2024-05-16,1.32626,
2024-05-17,1.32378,
2024-05-18,,No value available
2024-05-19,,No value available
2024-05-20,1.3254,
2024-05-21,1.32503,
2024-05-22,1.32379,
2024-05-23,1.32384,
2024-05-24,1.32336,
2024-05-25,,No value available
2024-05-26,,No value available
2024-05-27,,No value available
2024-05-28,1.32523,
2024-05-29,1.3234,
2024-05-30,1.3226,
2024-05-31,1.32354,
2024-06-01,,No value available
2024-06-02,,No value available
2024-06-03,1.32331,
2024-06-04,1.32593,
2024-06-05,1.3254,
2024-06-06,1.32571,
2024-06-07,1.32659,
2024-06-08,,No value available
2024-06-09,,No value available
2024-06-10,1.31927,
2024-06-11,1.31941,
2024-06-12,1.32019,
2024-06-13,1.32176,
2024-06-14,1.31762,
2024-06-15,,No value available
2024-06-16,,No value available
2024-06-17,1.31748,
2024-06-18,1.31752,
2024-06-19,,No value available
2024-06-20,1.31757,
2024-06-21,1.31495,
2024-06-22,,No value available
2024-06-23,,No value available
2024-06-24,1.3169,
2024-06-25,1.31682,
2024-06-26,1.31437,
2024-06-27,1.31501,
2024-06-28,1.31534,
2024-06-29,,No value available
2024-06-30,,No value available
2024-07-01,1.31652,
2024-07-02,1.31461,
2024-07-03,1.31657,
2024-07-04,,No value available
2024-07-05,,No value available
2024-07-06,,No value available
2024-07-07,,No value available
2024-07-08,1.32097,
2024-07-09,1.3206,
2024-07-10,1.32027,
2024-07-11,1.3221,
2024-07-12,1.32575,
2024-07-13,,No value available
2024-07-14,,No value available
2024-07-15,1.32726,
2024-07-16,1.3262,
2024-07-17,1.32913,
2024-07-18,1.32907,
2024-07-19,1.32584,
2024-07-20,,No value available
2024-07-21,,No value available
2024-07-22,1.32633,
2024-07-23,1.32551,
2024-07-24,1.32567,
2024-07-25,1.3287,
2024-07-26,1.32646,
2024-07-27,,No value available
2024-07-28,,No value available
2024-07-29,1.32583,
2024-07-30,1.32536,
2024-07-31,1.32842,
2024-08-01,1.32569,
2024-08-02,1.32871,
2024-08-03,,No value available
2024-08-04,,No value available
2024-08-05,1.33956,
2024-08-06,1.33505,
2024-08-07,1.33342,
2024-08-08,1.33453,
2024-08-09,1.33403,
2024-08-10,,No value available
2024-08-11,,No value available
2024-08-12,1.33411,
2024-08-13,1.3344,
2024-08-14,1.33962,
2024-08-15,1.33857,
2024-08-16,1.33749,
2024-08-17,,No value available
2024-08-18,,No value available
2024-08-19,1.34126,
2024-08-20,1.34331,
2024-08-21,1.34555,
2024-08-22,1.34716,
2024-08-23,1.34603,
2024-08-24,,No value available
2024-08-25,,No value available
2024-08-26,1.34984,
2024-08-27,1.34948,
2024-08-28,1.3482,
2024-08-29,1.34784,
2024-08-30,1.34661,
2024-08-31,,No value available
2024-09-01,,No value available
2024-09-02,,No value available
2024-09-03,1.34309,
2024-09-04,1.34442,
2024-09-05,1.34811,
2024-09-06,1.34921,
2024-09-07,,No value available
2024-09-08,,No value available
2024-09-09,1.34457,
2024-09-10,1.34506,
2024-09-11,1.34652,
2024-09-12,1.34424,
2024-09-13,1.3493,
2024-09-14,,No value available
2024-09-15,,No value available
2024-09-16,1.35157,
2024-09-17,1.35173,
2024-09-18,1.3511,
2024-09-19,1.35304,
2024-09-20,1.35175,
2024-09-21,,No value available
2024-09-22,,No value available
2024-09-23,1.35071,
2024-09-24,1.35198,
2024-09-25,1.35411,
2024-09-26,1.35361,
2024-09-27,1.35499,
2024-09-28,,No value available
2024-09-29,,No value available
2024-09-30,1.35637,
2024-10-01,1.35049,
2024-10-02,1.34843,
2024-10-03,1.34467,
2024-10-04,1.34422,
2024-10-05,,No value available
2024-10-06,,No value available
2024-10-07,1.33969,
2024-10-08,1.34154,
2024-10-09,1.33984,
2024-10-10,1.33837,
2024-10-11,1.33818,
2024-10-12,,No value available
2024-10-13,,No value available
2024-10-14,,No value available
2024-10-15,1.33591,
2024-10-16,1.33476,
2024-10-17,1.33343,
2024-10-18,1.33318,
2024-10-19,,No value available
2024-10-20,,No value available
2024-10-21,1.33292,
2024-10-22,1.33107,
2024-10-23,1.32792,
2024-10-24,1.32967,
2024-10-25,1.33038,
2024-10-26,,No value available
2024-10-27,,No value available
2024-10-28,1.32969,
2024-10-29,1.32793,
2024-10-30,1.32962,
2024-10-31,1.33163,
2024-11-01,1.33128,
2024-11-02,,No value available
2024-11-03,,No value available
2024-11-04,1.33475,
2024-11-05,1.33379,
2024-11-06,1.32233,
2024-11-07,1.32524,
2024-11-08,1.32743,
2024-11-09,,No value available
2024-11-10,,No value available
2024-11-11,1.32064,
2024-11-12,1.31788,
2024-11-13,1.31811,
2024-11-14,1.31182,
2024-11-15,1.31459,
2024-11-16,,No value available
2024-11-17,,No value available
2024-11-18,1.31259,
2024-11-19,1.31427,
2024-11-20,1.31309,
2024-11-21,1.31232,
2024-11-22,1.30726,
2024-11-23,,No value available
2024-11-24,,No value available
2024-11-25,1.3102,
2024-11-26,1.31175,
2024-11-27,1.31391,
2024-11-28,,No value available
2024-11-29,,No value available
2024-11-30,,No value available
2024-12-01,,No value available
2024-12-02,1.31472,
2024-12-03,1.31442,
2024-12-04,1.31359,
2024-12-05,1.3157,
2024-12-06,1.31773,
2024-12-07,,No value available
2024-12-08,,No value available
2024-12-09,1.31692,
2024-12-10,1.31506,
2024-12-11,1.31344,
2024-12-12,1.31318,
2024-12-13,1.311,
2024-12-14,,No value available
2024-12-15,,No value available
2024-12-16,1.31073,
2024-12-17,1.31124,
2024-12-18,1.31176,
2024-12-19,1.30504,
2024-12-20,1.30402,
2024-12-21,,No value available
2024-12-22,,No value available
2024-12-23,1.30413,
2024-12-24,,No value available
2024-12-25,,No value available
2024-12-26,,No value available
2024-12-27,,No value available
2024-12-28,,No value available
2024-12-29,,No value available
2024-12-30,,No value available
2024-12-31,,No value available
2025-01-01,,No value available
2025-01-02,1.29988,
2025-01-03,1.29851,
2025-01-04,,No value available
2025-01-05,,No value available
2025-01-06,1.3048,
2025-01-07,1.30392,
2025-01-08,1.29746,
2025-01-09,,No value available
2025-01-10,1.29733,
2025-01-11,,No value available
2025-01-12,,No value available
2025-01-13,1.29209,
2025-01-14,1.29499,
2025-01-15,1.29773,
2025-01-16,1.2975,
2025-01-17,1.29786,
2025-01-18,,No value available
2025-01-19,,No value available
2025-01-20,,No value available
2025-01-21,1.30117,
2025-01-22,1.30632,
2025-01-23,1.30324,
2025-01-24,1.30817,
2025-01-25,,No value available
2025-01-26,,No value available
2025-01-27,1.31116,
2025-01-28,1.30596,
2025-01-29,1.30518,
2025-01-30,1.30535,
2025-01-31,1.30383,
2025-02-01,,No value available
2025-02-02,,No value available
2025-02-03,1.29766,
2025-02-04,1.3015,
2025-02-05,1.3078,
2025-02-06,1.30452,
2025-02-07,1.30604,
2025-02-08,,No value available
2025-02-09,,No value available
2025-02-10,1.303,
2025-02-11,1.30264,
2025-02-12,1.30459,
2025-02-13,1.30581,
2025-02-14,1.31045,
2025-02-15,,No value available
2025-02-16,,No value available
2025-02-17,,No value available
2025-02-18,1.31071,
2025-02-19,1.30885,
2025-02-20,1.31117,
2025-02-21,1.31281,
2025-02-22,,No value available
2025-02-23,,No value available
2025-02-24,1.31311,
2025-02-25,1.3137,
2025-02-26,1.31384,
2025-02-27,1.31316,
2025-02-28,1.309,
2025-03-01,,No value available
2025-03-02,,No value available
2025-03-03,1.31092,
2025-03-04,1.31734,
2025-03-05,1.32242,
2025-03-06,1.32865,
2025-03-07,1.33119,
2025-03-08,,No value available
2025-03-09,,No value available
2025-03-10,1.3311,
2025-03-11,1.3333,
2025-03-12,1.3324,
2025-03-13,1.33105,
2025-03-14,1.33249,
2025-03-15,,No value available
2025-03-16,,No value available
2025-03-17,1.3332,
2025-03-18,1.33296,
2025-03-19,1.33262,
2025-03-20,1.33082,
2025-03-21,1.3304,
2025-03-22,,No value available
2025-03-23,,No value available
2025-03-24,1.32899,
2025-03-25,1.32811,
2025-03-26,1.32648,
2025-03-27,1.32611,
2025-03-28,1.32564,
2025-03-29,,No value available
2025-03-30,,No value available
2025-03-31,1.3287,
2025-04-01,1.32724,
2025-04-02,1.32729,
2025-04-03,1.33969,
2025-04-04,1.33914,
2025-04-05,,No value available
2025-04-06,,No value available
2025-04-07,1.33358,
2025-04-08,1.33067,
2025-04-09,1.33582,
2025-04-10,1.33924,
2025-04-11,1.35219,
2025-04-12,,No value available
2025-04-13,,No value available
2025-04-14,1.35476,
2025-04-15,1.35351,
2025-04-16,1.35473,
2025-04-17,1.35444,
2025-04-18,1.35628,
2025-04-19,,No value available
2025-04-20,,No value available
2025-04-21,1.36429,
2025-04-22,1.36176,
2025-04-23,1.35734,
2025-04-24,1.35626,
2025-04-25,1.35497,
2025-04-26,,No value available
2025-04-27,,No value available
2025-04-28,1.35459,
2025-04-29,1.35707,
2025-04-30,1.35611,
2025-05-01,1.35404,
2025-05-02,1.35404,
2025-05-03,,No value available
2025-05-04,,No value available
2025-05-05,1.35605,
2025-05-06,1.35589,
2025-05-07,1.35708,
2025-05-08,1.35215,
2025-05-09,1.35018,
2025-05-10,,No value available
2025-05-11,,No value available
2025-05-12,1.3419,
2025-05-13,1.34356,
2025-05-14,1.35073,
2025-05-15,1.34892,
2025-05-16,1.34928,
2025-05-17,,No value available
2025-05-18,,No value available
2025-05-19,1.35341,
2025-05-20,1.35184,
2025-05-21,1.35667,
2025-05-22,1.35482,
2025-05-23,1.35844,
2025-05-24,,No value available
2025-05-25,,No value available
2025-05-26,,No value available
2025-05-27,1.35781,
2025-05-28,1.35671,
2025-05-29,1.35471,
2025-05-30,1.35671,
2025-05-31,,No value available
2025-06-01,,No value available
2025-06-02,1.36086,
2025-06-03,1.36029,
2025-06-04,1.35916,
2025-06-05,1.36218,
2025-06-06,1.36107,
2025-06-07,,No value available
2025-06-08,,No value available
2025-06-09,1.36103,
2025-06-10,1.36035,
2025-06-11,1.36045,
2025-06-12,1.36837,
2025-06-13,1.36379,
2025-06-14,,No value available
2025-06-15,,No value available
2025-06-16,1.36709,
2025-06-17,1.36622,
2025-06-18,1.36219,
2025-06-19,,No value available
2025-06-20,1.36361,
2025-06-21,,No value available
2025-06-22,,No value available
2025-06-23,1.35864,
2025-06-24,1.3676,
2025-06-25,1.36748,
2025-06-26,1.37371,
2025-06-27,1.37338,
2025-06-28,,No value available
2025-06-29,,No value available
2025-06-30,1.374,
2025-07-01,1.3788,
2025-07-02,1.37563,
2025-07-03,1.37652,
2025-07-04,,No value available
2025-07-05,,No value available
2025-07-06,,No value available
2025-07-07,1.37214,
2025-07-08,1.37139,
2025-07-09,1.37019,
2025-07-10,1.37173,
2025-07-11,1.36962,
2025-07-12,,No value available
2025-07-13,,No value available
2025-07-14,1.36911,
2025-07-15,1.36794,
2025-07-16,1.3643,
2025-07-17,1.36303,
2025-07-18,1.36571,
2025-07-19,,No value available
2025-07-20,,No value available
2025-07-21,1.36646,
2025-07-22,1.36886,
2025-07-23,1.37133,
2025-07-24,1.37223,
2025-07-25,1.36979,
2025-07-26,,No value available
2025-07-27,,No value available
2025-07-28,1.36619,
2025-07-29,1.36241,
2025-07-30,1.36137,
2025-07-31,1.35491,
2025-08-01,1.35285,
2025-08-02,,No value available
2025-08-03,,No value available
2025-08-04,1.36255,
2025-08-05,1.3611,
2025-08-06,1.3637,
2025-08-07,1.36722,
2025-08-08,1.36569,
2025-08-09,,No value available
2025-08-10,,No value available
2025-08-11,1.36615,
2025-08-12,1.36437,
2025-08-13,1.37023,
2025-08-14,1.37008,
2025-08-15,1.36927,
2025-08-16,,No value available
2025-08-17,,No value available
2025-08-18,1.36858,
2025-08-19,1.3685,
2025-08-20,1.36695,
2025-08-21,1.36667,
2025-08-22,1.36358,
2025-08-23,,No value available
2025-08-24,,No value available
2025-08-25,1.36972,
2025-08-26,1.36705,
2025-08-27,1.36374,
2025-08-28,1.36957,
2025-08-29,1.36864,
2025-08-30,,No value available
2025-08-31,,No value available
2025-09-01,,No value available
2025-09-02,1.36555,
2025-09-03,1.36608,
2025-09-04,1.36712,
2025-09-05,1.36911,
2025-09-06,,No value available
2025-09-07,,No value available
2025-09-08,1.37116,
2025-09-09,1.37364,
2025-09-10,1.37055,
2025-09-11,1.36942,
2025-09-12,1.37181,
2025-09-13,,No value available
2025-09-14,,No value available
2025-09-15,1.37313,
2025-09-16,1.3758,
2025-09-17,1.37774,
2025-09-18,1.37711,
2025-09-19,1.37231,
2025-09-20,,No value available
2025-09-21,,No value available
2025-09-22,1.37295,
2025-09-23,1.37392,
2025-09-24,1.37115,
2025-09-25,1.37054,
2025-09-26,1.36559,
2025-09-27,,No value available
2025-09-28,,No value available
2025-09-29,1.36954,
2025-09-30,1.37097,
2025-10-01,1.37102,
2025-10-02,1.37237,
2025-10-03,1.37102,
2025-10-04,,No value available
2025-10-05,,No value available
2025-10-06,1.36596,
2025-10-07,1.36613,
2025-10-08,1.36326,
2025-10-09,1.36291,
2025-10-10,1.36031,
2025-10-11,,No value available
2025-10-12,,No value available
2025-10-13,,No value available
2025-10-14,1.35958,
2025-10-15,1.36377,
2025-10-16,1.36565,
2025-10-17,1.36767,
2025-10-18,,No value available
2025-10-19,,No value available
2025-10-20,1.36568,
2025-10-21,1.36354,
2025-10-22,1.36166,
2025-10-23,1.36143,
2025-10-24,1.36208,
2025-10-25,,No value available
2025-10-26,,No value available
2025-10-27,1.36431,
2025-10-28,1.3649,
2025-10-29,1.36335,
2025-10-30,1.36001,
2025-10-31,1.35839,
2025-11-01,,No value available
2025-11-02,,No value available
2025-11-03,1.35631,
2025-11-04,1.35503,
2025-11-05,1.35471,
2025-11-06,1.3563,
2025-11-07,1.35841,
2025-11-08,,No value available
2025-11-09,,No value available
2025-11-10,1.35856,
2025-11-11,1.35862,
2025-11-12,1.35839,
2025-11-13,1.36014,
2025-11-14,1.36055,
2025-11-15,,No value available
2025-11-16,,No value available
2025-11-17,1.35991,
2025-11-18,1.35846,
2025-11-19,1.35811,
2025-11-20,1.35401,
2025-11-21,1.35404,
2025-11-22,,No value available
2025-11-23,,No value available
2025-11-24,1.35606,
2025-11-25,1.35613,
2025-11-26,1.35857,
2025-11-27,,No value available
2025-11-28,,No value available
2025-11-29,,No value available
2025-11-30,,No value available
2025-12-01,1.3621,
2025-12-02,1.36071,
2025-12-03,1.36406,
2025-12-04,1.36535,
2025-12-05,1.36356,
2025-12-06,,No value available
2025-12-07,,No value available
2025-12-08,1.3634,
2025-12-09,1.36291,
2025-12-10,1.36221,
2025-12-11,1.36637,
2025-12-12,1.36682,
2025-12-13,,No value available
2025-12-14,,No value available
2025-12-15,1.36852,
2025-12-16,1.36953,
2025-12-17,1.36628,
2025-12-18,1.36698,
2025-12-19,1.3658,
2025-12-20,,No value available
2025-12-21,,No value available
2025-12-22,1.36718,
2025-12-23,1.37121,
2025-12-24,1.37134,
2025-12-25,,No value available
2025-12-26,1.36979,
2025-12-27,,No value available
2025-12-28,,No value available
2025-12-29,1.37003,
2025-12-30,1.37071,
2025-12-31,1.3695,
2026-01-01,,No value available
2026-01-02,1.36844,
2026-01-03,,No value available
2026-01-04,,No value available
2026-01-05,1.36704,
2026-01-06,1.36866,
2026-01-07,1.36753,
2026-01-08,1.36665,
2026-01-09,1.36477,
2026-01-10,,No value available
2026-01-11,,No value available
2026-01-12,1.3665,
2026-01-13,1.36561,
2026-01-14,1.36487,
2026-01-15,1.36409,
2026-01-16,1.36384,
2026-01-17,,No value available
2026-01-18,,No value available
2026-01-19,,No value available
2026-01-20,1.36909,
2026-01-21,1.36754,
2026-01-22,1.36647,
2026-01-23,1.36915,
2026-01-24,,No value available
2026-01-25,,No value available
2026-01-26,1.37755,
2026-01-27,1.37935,
2026-01-28,1.38336,
2026-01-29,1.38222,
2026-01-30,1.38187,
2026-01-31,,No value available
2026-02-01,,No value available
2026-02-02,1.37771,
2026-02-03,1.37396,
2026-02-04,1.37472,
2026-02-05,1.37262,
2026-02-06,1.37281,
2026-02-07,,No value available
2026-02-08,,No value available
2026-02-09,1.37699,
2026-02-10,1.37928,
2026-02-11,1.38071,
2026-02-12,1.37988,
2026-02-13,1.37829,
2026-02-14,,No value available
2026-02-15,,No value available
2026-02-16,,No value available
2026-02-17,1.37746,
2026-02-18,1.37747,
2026-02-19,1.37373,
2026-02-20,1.37291,
2026-02-21,,No value available
2026-02-22,,No value available
2026-02-23,1.37415,
2026-02-24,1.37372,
2026-02-25,1.37337,
2026-02-26,1.37563,
2026-02-27,1.37477,
2026-02-28,,No value available
2026-03-01,,No value available
2026-03-02,1.37057,
2026-03-03,1.36339,
2026-03-04,1.36605,
2026-03-05,1.36497,
2026-03-06,1.3621,
2026-03-07,,No value available
2026-03-08,,No value available
2026-03-09,1.36174,
2026-03-10,1.367,
2026-03-11,1.36498,
2026-03-12,1.36331,
2026-03-13,1.35795,
2026-03-14,,No value available
2026-03-15,,No value available
2026-03-16,1.35864,
2026-03-17,1.36018,
2026-03-18,1.36229,
2026-03-19,1.3586,
2026-03-20,1.36334,
2026-03-21,,No value available
2026-03-22,,No value available
2026-03-23,1.36203,
2026-03-24,1.36383,
2026-03-25,1.36448,
2026-03-26,1.35981,
2026-03-27,1.35868,
2026-03-28,,No value available
2026-03-29,,No value available
2026-03-30,1.3578,
2026-03-31,1.35639,
2026-04-01,1.36403,
2026-04-02,1.35857,
2026-04-03,1.35941,
2026-04-04,,No value available
2026-04-05,,No value available
2026-04-06,1.36088,
2026-04-07,1.36144,
2026-04-08,1.36973,
2026-04-09,1.36812,
2026-04-10,1.37014,
2026-04-11,,No value available
2026-04-12,,No value available
2026-04-13,1.3691,
2026-04-14,1.37484,
2026-04-15,1.37377,
2026-04-16,1.37381,
2026-04-17,1.37395,
2026-04-18,,No value available
2026-04-19,,No value available
2026-04-20,1.37338,
2026-04-21,1.37276,
2026-04-22,1.37217,
2026-04-23,1.3689,
2026-04-24,1.36976,
2026-04-25,,No value available
2026-04-26,,No value available
2026-04-27,1.37258,
2026-04-28,1.36934,
2026-04-29,1.37002,
2026-04-30,1.37202,
2026-05-01,1.3739,
2026-05-02,,No value available
2026-05-03,,No value available
2026-05-04,1.37131,
2026-05-05,1.3707,
2026-05-06,1.37694,
2026-05-07,1.37589,
2026-05-08,1.37533,
2026-05-09,,No value available
2026-05-10,,No value available
2026-05-11,1.37536,
2026-05-12,1.37365,
2026-05-13,1.37232,
2026-05-14,1.37229,
2026-05-15,1.3683,
2026-05-16,,No value available
2026-05-17,,No value available
2026-05-18,1.36694,
2026-05-19,1.36696,
2026-05-20,1.36623,
2026-05-21,1.36671,
2026-05-22,1.36643,
2026-05-23,,No value available
2026-05-24,,No value available
2026-05-25,,No value available
2026-05-26,1.36897,
2026-05-27,1.36839,
2026-05-28,1.36668,
2026-05-29,1.36875,
2026-05-30,,No value available
2026-05-31,,No value available
2026-06-01,1.36925,
2026-06-02,1.36906,
2026-06-03,1.36761,
2026-06-04,1.36801,
2026-06-05,1.36874,
2026-06-06,,No value available
2026-06-07,,No value available
2026-06-08,1.36285,
2026-06-09,1.3651,
2026-06-10,1.36421,
2026-06-11,1.36317,
2026-06-12,1.36574,
2026-06-13,,No value available
2026-06-14,,No value available
2026-06-15,1.3674,
2026-06-16,1.36737,
2026-06-17,1.36666,
2026-06-18,1.35938,
2026-06-19,,No value available
2026-06-20,,No value available
2026-06-21,,No value available
2026-06-22,1.35868,
2026-06-23,1.35646,
2026-06-24,1.35286,
2026-06-25,1.35332,
2026-06-26,1.35615,
2026-06-27,,No value available
2026-06-28,,No value available
2026-06-29,1.35621,
2026-06-30,1.3561,
2026-07-01,1.35576,
2026-07-02,1.35763,
2026-07-03,,No value available
2026-07-04,,No value available
2026-07-05,,No value available
2026-07-06,1.35749,
2026-07-07,1.35854,
2026-07-08,1.35686,
2026-07-09,1.35787,
2026-07-10,1.35949,
2026-07-11,,No value available
2026-07-12,,No value available
2026-07-13,1.35904,
2026-07-14,1.35708,
2026-07-15,1.3582,
2026-07-16,1.36106,
2026-07-17,1.3589,
2026-07-18,,No value available
2026-07-19,,No value available
2026-07-20,1.35962,
2026-07-21,1.35866,
2026-07-22,1.35738,
2026-07-23,1.35723,
2026-07-24,1.35578,
2026-07-25,,No value available
2026-07-26,,No value available
2026-07-27,1.35646,
2026-07-28,1.35458,
2026-07-29,1.35579,
2026-07-30,1.36075,
2026-07-31,1.36368,
2026-08-01,,No value available
2026-08-02,,No value available
2026-08-03,1.3663,
2026-08-04,1.36524,
2026-08-05,1.36659,
2026-08-06,1.3665,
2026-08-07,1.36558,
2026-08-08,,No value available
2026-08-09,,No value available
2026-08-10,1.36693,
2026-08-11,1.36607,
2026-08-12,1.36611,
2026-08-13,1.36584,
2026-08-14,1.36701,
2026-08-15,,No value available
2026-08-16,,No value available
2026-08-17,1.3686,
2026-08-18,1.36743,
2026-08-19,1.36928,
2026-08-20,1.37403,
2026-08-21,1.37425,
2026-08-22,,No value available
2026-08-23,,No value available
2026-08-24,1.37233,
2026-08-25,1.37237,
2026-08-26,1.37233,
2026-08-27,1.37093,
2026-08-28,1.37128,
2026-08-29,,No value available
2026-08-30,,No value available
2026-08-31,1.36888,
2026-09-01,1.36836,
2026-09-02,1.36735,
2026-09-03,1.37063,
2026-09-04,1.37189,
2026-09-05,,No value available
2026-09-06,,No value available
2026-09-07,,No value available
2026-09-08,1.37267,
2026-09-09,1.37388,
2026-09-10,1.37347,
2026-09-11,1.37186,
2026-09-12,,No value available
2026-09-13,,No value available
2026-09-14,1.36947,
2026-09-15,1.36895,
2026-09-16,1.3689,
2026-09-17,1.36575,
2026-09-18,1.36444,
2026-09-19,,No value available
2026-09-20,,No value available
2026-09-21,1.36525,
2026-09-22,1.36459,
2026-09-23,1.36147,
2026-09-24,1.35869,
2026-09-25,1.36008,
2026-09-26,,No value available
2026-09-27,,No value available
2026-09-28,1.35983,
2026-09-29,1.35885,
2026-09-30,1.35975,
2026-10-01,1.35595,
2026-10-02,1.35408,
2026-10-03,,No value available
2026-10-04,,No value available
2026-10-05,1.35283,
2026-10-06,1.35458,
2026-10-07,1.35219,
