date,release_date,release,figure,contract_based_usd_mmbtu,arrival_based_usd_mmbtu,anomaly
2019-02-01,2020-04-09,202003_e.pdf,Fixed,8.1,8.5,
2019-09-01,2019-11-12,201910_e.pdf,Detailed,5.4,4.9,
2019-10-01,2019-11-12,201910_e.pdf,Preliminary,5.5,5.4,
2019-10-01,2019-12-10,201911_e.pdf,Detailed,5.5,5.4,
2019-11-01,2019-12-10,201911_e.pdf,Preliminary,,5.5,
2019-11-01,2020-01-15,201912_e.pdf,Detailed,,5.5,
2019-12-01,2020-01-15,201912_e.pdf,Preliminary,6.4,6.7,
2019-12-01,2020-02-12,202001_e.pdf,Detailed,6.4,6.7,
2020-01-01,2020-02-12,202001_e.pdf,Preliminary,5.9,6,
2020-01-01,2020-03-10,202002_e.pdf,Detailed,5.9,6,
2020-02-01,2020-03-10,202002_e.pdf,Preliminary,3.4,5.5,
2020-02-01,2020-04-09,202003_e.pdf,Detailed,3.4,5.5,
2020-03-01,2020-04-09,202003_e.pdf,Preliminary,3.4,,
2020-03-01,2020-05-14,202004_e.pdf,Detailed,3.4,,
2020-04-01,2020-05-14,202004_e.pdf,Preliminary,2.4,3,
2020-04-01,2020-06-09,202005_e.pdf,Detailed,2.4,3,
2020-05-01,2020-06-09,202005_e.pdf,Preliminary,2.2,2.6,
2020-05-01,2020-07-09,202006_e.pdf,Detailed,2.2,2.6,
2020-06-01,2020-07-09,202006_e.pdf,Preliminary,3.8,3.8,
2020-06-01,2020-08-12,202007_e.pdf,Detailed,3.8,3.8,
2020-07-01,2020-08-12,202007_e.pdf,Preliminary,5.2,4.1,
2020-07-01,2020-09-09,202008_e.pdf,Detailed,4.2,4.1,
2020-08-01,2020-09-09,202008_e.pdf,Preliminary,3.4,2.6,
2020-08-01,2020-10-09,202009_e.pdf,Detailed,3.4,2.6,
2020-09-01,2020-10-09,202009_e.pdf,Preliminary,4.5,3.4,
2020-09-01,2020-11-11,202010_e.pdf,Detailed,4.5,3.4,
2020-10-01,2020-11-11,202010_e.pdf,Preliminary,6,4.9,
2020-10-01,2020-12-09,202011_e.pdf,Detailed,6,4.9,
2020-11-01,2020-12-09,202011_e.pdf,Preliminary,6.8,6.5,
2020-11-01,2021-01-13,202012_e.pdf,Detailed,6.8,6.5,
2020-12-01,2021-01-13,202012_e.pdf,Preliminary,8.6,6.8,
2020-12-01,2021-02-09,202101_e.pdf,Detailed,7.4,6.8,
2021-01-01,2021-02-09,202101_e.pdf,Preliminary,18.5,15.5,
2021-01-01,2021-03-09,202102_e.pdf,Detailed,18.5,15.5,
2021-02-01,2021-03-09,202102_e.pdf,Preliminary,12.7,16.3,
2021-02-01,2021-04-09,202103_e.pdf,Detailed,12.7,16.3,
2021-03-01,2021-04-09,202103_e.pdf,Preliminary,6.6,9.3,
2021-03-01,2021-05-14,202103d_e.pdf,Detailed,6.6,9.3,
