date,contract_based_usd_mmbtu,arrival_based_usd_mmbtu,figure
2014-03-01,18.3,,Detailed
2014-04-01,16,18.3,Detailed
2014-05-01,14.8,16.3,Detailed
2014-06-01,13.8,15,Detailed
2014-07-01,11.8,13.8,Detailed
2014-08-01,11.4,12.5,Detailed
2014-09-01,13.2,11.3,Detailed
2014-10-01,15.3,12.4,Detailed
2014-11-01,14.4,14.3,Detailed
2014-12-01,11.6,15.1,Detailed
2015-01-01,10.2,13.9,Detailed
2015-02-01,7.6,10.7,Detailed
2015-03-01,8,7.6,Detailed
2015-04-01,7.6,7.9,Detailed
2015-05-01,,,Detailed
2015-06-01,7.6,7.6,Detailed
2015-07-01,7.9,,Detailed
2015-08-01,8.1,7.7,Detailed
2015-09-01,7.4,7.7,Detailed
2015-10-01,7.6,7.9,Detailed
2015-11-01,7.4,7.5,Detailed
2015-12-01,7.4,7.5,Detailed
2016-01-01,7.1,,Detailed
2016-02-01,6.5,6.9,Detailed
2016-03-01,,6.8,Detailed
2016-04-01,4.2,5.8,Detailed
2016-05-01,4.1,,Detailed
2016-06-01,,4.5,Detailed
2016-07-01,5.8,6,Detailed
2016-08-01,,5.4,Detailed
2016-09-01,5.7,,Detailed
2016-10-01,6.1,5.7,Detailed
2016-11-01,7,5.9,Detailed
2016-12-01,8,6.8,Detailed
2017-01-01,8.4,7.3,Detailed
2017-02-01,8.5,8.8,Detailed
2017-03-01,6.1,7.5,Detailed
2017-04-01,5.7,5.9,Detailed
2017-05-01,5.7,5.6,Detailed
2017-06-01,,5.7,Detailed
2017-07-01,5.6,5.6,Detailed
2017-08-01,5.8,5.6,Detailed
2017-09-01,6.9,5.8,Detailed
2017-10-01,8.2,6.1,Detailed
2017-11-01,9,7.1,Detailed
2017-12-01,10.2,8.1,Detailed
2018-01-01,11,10.1,Detailed
2018-02-01,10.6,10.9,Detailed
2018-03-01,8.8,10.2,Detailed
2018-04-01,9.1,8.8,Detailed
2018-05-01,8.2,7.9,Detailed
2018-06-01,9.3,8.9,Detailed
2018-07-01,10,10.3,Detailed
2018-08-01,10.7,9.8,Detailed
2018-09-01,10.6,10.1,Detailed
2018-10-01,10.7,10.6,Detailed
2018-11-01,10.8,,Detailed
2018-12-01,9.2,10.6,Detailed
2019-01-01,8.2,10.5,Detailed
2019-02-01,8.1,8.5,Fixed
2019-03-01,6.4,7.1,Detailed
2019-04-01,5.2,5.9,Detailed
2019-05-01,5.4,5.3,Detailed
2019-06-01,5.5,7.5,Detailed
2019-07-01,4.7,4.7,Detailed
2019-08-01,5.3,5.5,Detailed
2019-09-01,5.4,4.9,Detailed
2019-10-01,5.5,5.4,Detailed
2019-11-01,,5.5,Detailed
2019-12-01,6.4,6.7,Detailed
2020-01-01,5.9,6,Detailed
2020-02-01,3.4,5.5,Detailed
2020-03-01,3.4,,Detailed
2020-04-01,2.4,3,Detailed
2020-05-01,2.2,2.6,Detailed
2020-06-01,3.8,3.8,Detailed
2020-07-01,4.2,4.1,Detailed
2020-08-01,3.4,2.6,Detailed
2020-09-01,4.5,3.4,Detailed
2020-10-01,6,4.9,Detailed
2020-11-01,6.8,6.5,Detailed
2020-12-01,7.4,6.8,Detailed
2021-01-01,18.5,15.5,Detailed
2021-02-01,12.7,16.3,Detailed
2021-03-01,6.6,9.3,Detailed
