date,release,europe_gas_usd_mmbtu,henry_hub_usd_mmbtu,japan_lng_import_usd_mmbtu
2015-01-01,2026-09-02,9.25,2.97,16.19
2015-02-01,2026-09-02,8.27,2.85,14.2
2015-03-01,2026-09-02,8.27,2.8,13.04
2015-04-01,2026-09-02,6.77,2.58,10.94
2015-05-01,2026-09-02,6.68,2.84,9.34
2015-06-01,2026-09-02,6.67,2.77,9.19
2015-07-01,2026-09-02,6.69,2.83,9.5
2015-08-01,2026-09-02,6.35,2.76,9.82
2015-09-01,2026-09-02,6.28,2.65,10.31
2015-10-01,2026-09-02,6.03,2.32,10.11
2015-11-01,2026-09-02,5.5,2.08,9.52
2015-12-01,2026-09-02,5.09,1.92,9.08
2016-01-01,2026-09-02,4.4,2.27,8.4
2016-02-01,2026-09-02,3.97,1.96,8.56
2016-03-01,2026-09-02,3.91,1.7,7.74
2016-04-01,2026-09-02,3.97,1.9,6.82
2016-05-01,2026-09-02,4.33,1.92,6.27
2016-06-01,2026-09-02,4.76,2.57,6.4
2016-07-01,2026-09-02,4.67,2.79,6.76
2016-08-01,2026-09-02,4.05,2.79,7.14
2016-09-01,2026-09-02,4.25,2.97,7.54
2016-10-01,2026-09-02,5.34,2.95,7.65
2016-11-01,2026-09-02,5.69,2.5,7.59
2016-12-01,2026-09-02,5.42,3.58,7.59
2017-01-01,2026-09-02,6.14,3.26,8.04
2017-02-01,2026-09-02,6.05,2.82,8.41
2017-03-01,2026-09-02,5,2.89,8.25
2017-04-01,2026-09-02,5.01,3.08,8.76
2017-05-01,2026-09-02,5.06,3.12,9.1
2017-06-01,2026-09-02,4.89,2.94,8.88
2017-07-01,2026-09-02,5,2.96,8.86
2017-08-01,2026-09-02,5.48,2.88,8.92
2017-09-01,2026-09-02,5.96,2.96,8.64
2017-10-01,2026-09-02,6.18,2.86,8.31
2017-11-01,2026-09-02,6.69,2.99,8.45
2017-12-01,2026-09-02,7.14,2.76,8.65
2018-01-01,2026-09-02,6.66,3.86,9.34
2018-02-01,2026-09-02,6.72,2.67,9.83
2018-03-01,2026-09-02,6.7,2.7,10.11
2018-04-01,2026-09-02,6.93,2.78,10.09
2018-05-01,2026-09-02,7.49,2.8,10.25
2018-06-01,2026-09-02,7.45,2.95,10.44
2018-07-01,2026-09-02,7.6,2.83,10.44
2018-08-01,2026-09-02,8.08,2.96,10.88
2018-09-01,2026-09-02,9.52,2.98,11.3
2018-10-01,2026-09-02,8.79,3.28,11.66
2018-11-01,2026-09-02,8.27,4.13,11.7
2018-12-01,2026-09-02,7.98,3.98,12
2019-01-01,2026-09-02,7.26,3.08,12.01
2019-02-01,2026-09-02,6.01,2.72,11.81
2019-03-01,2026-09-02,5.18,2.94,11.29
2019-04-01,2026-09-02,4.92,2.65,10.27
2019-05-01,2026-09-02,4.34,2.63,10.15
2019-06-01,2026-09-02,3.59,2.4,10.04
2019-07-01,2026-09-02,3.62,2.36,10.13
2019-08-01,2026-09-02,3.68,2.22,10.86
2019-09-01,2026-09-02,4.21,2.58,10.14
2019-10-01,2026-09-02,5.06,2.33,9.98
2019-11-01,2026-09-02,5.15,2.65,10.04
2019-12-01,2026-09-02,4.62,2.24,10.06
2020-01-01,2026-09-02,3.63,2.03,9.89
2020-02-01,2026-09-02,2.91,1.92,9.89
2020-03-01,2026-09-02,2.72,1.79,10.21
2020-04-01,2026-09-02,2.12,1.74,10.01
2020-05-01,2026-09-02,1.58,1.75,10.08
2020-06-01,2026-09-02,1.75,1.61,8.97
2020-07-01,2026-09-02,1.8,1.74,7.79
2020-08-01,2026-09-02,2.86,2.3,6.34
2020-09-01,2026-09-02,3.95,1.92,5.88
2020-10-01,2026-09-02,4.89,2.25,6.18
2020-11-01,2026-09-02,4.84,2.59,6.86
2020-12-01,2026-09-02,5.86,2.54,7.66
2021-01-01,2026-09-02,7.27,2.67,9
2021-02-01,2026-09-02,6.16,5.07,9.88
2021-03-01,2026-09-02,6.13,2.56,7.9
2021-04-01,2026-09-02,7.15,2.61,8.28
2021-05-01,2026-09-02,8.91,2.89,8.92
2021-06-01,2026-09-02,10.3,3.23,9.62
2021-07-01,2026-09-02,12.51,3.8,10.36
2021-08-01,2026-09-02,15.43,4.05,10.8
2021-09-01,2026-09-02,22.84,5.11,11.44
2021-10-01,2026-09-02,31.05,5.48,12.38
2021-11-01,2026-09-02,27.62,5.02,15.25
2021-12-01,2026-09-02,38.03,3.73,15.32
2022-01-01,2026-09-02,28.26,4.33,14.69
2022-02-01,2026-09-02,27.23,4.66,17
2022-03-01,2026-09-02,42.39,4.88,15.11
2022-04-01,2026-09-02,32.2,6.53,16.29
2022-05-01,2026-09-02,29.17,8.14,16.68
2022-06-01,2026-09-02,33.56,7.67,15.53
2022-07-01,2026-09-02,51.33,7.26,18.88
2022-08-01,2026-09-02,70.04,8.79,21.21
2022-09-01,2026-09-02,59.1,7.76,23.73
2022-10-01,2026-09-02,39.02,5.62,21.84
2022-11-01,2026-09-02,35.72,5.28,19.59
2022-12-01,2026-09-02,36.04,5.5,20.58
2023-01-01,2026-09-02,20.18,3.27,20.19
2023-02-01,2026-09-02,16.54,2.38,18.42
2023-03-01,2026-09-02,13.81,2.3,16.03
2023-04-01,2026-09-02,13.52,2.16,14.37
2023-05-01,2026-09-02,10.11,2.15,13.43
2023-06-01,2026-09-02,10.35,2.18,12.68
2023-07-01,2026-09-02,9.55,2.55,12.99
2023-08-01,2026-09-02,11.19,2.58,12.54
2023-09-01,2026-09-02,11.55,2.64,12.21
2023-10-01,2026-09-02,14.57,2.99,12.62
2023-11-01,2026-09-02,14.49,2.71,12.72
2023-12-01,2026-09-02,11.51,2.53,14.44
2024-01-01,2026-09-02,9.56,3.18,14.34
2024-02-01,2026-09-02,8.15,1.72,13.64
2024-03-01,2026-09-02,8.55,1.5,13.19
2024-04-01,2026-09-02,9.09,1.6,11.88
2024-05-01,2026-09-02,10.12,2.13,12.16
2024-06-01,2026-09-02,10.87,2.51,12.13
2024-07-01,2026-09-02,10.35,2.08,12.49
2024-08-01,2026-09-02,12.37,1.99,13.32
2024-09-01,2026-09-02,11.78,2.25,12.97
2024-10-01,2026-09-02,12.92,2.21,12.54
2024-11-01,2026-09-02,13.93,2.1,12.82
2024-12-01,2026-09-02,13.86,3.02,12.64
2025-01-01,2026-09-02,14.66,4.1,13.19
2025-02-01,2026-09-02,15.34,4.22,12.78
2025-03-01,2026-09-02,13.24,4.13,12.55
2025-04-01,2026-09-02,11.59,3.4,12.68
2025-05-01,2026-09-02,11.66,3.12,12.32
2025-06-01,2026-09-02,12.37,3.02,12.17
2025-07-01,2026-09-02,11.62,3.19,11.91
2025-08-01,2026-09-02,11.15,2.91,11.79
2025-09-01,2026-09-02,11.12,2.97,11.47
2025-10-01,2026-09-02,10.89,3.2,11.1
2025-11-01,2026-09-02,10.42,3.79,11.15
2025-12-01,2026-09-02,9.48,4.25,11.32
2026-01-01,2026-09-02,11.76,7.58,11.49
2026-02-01,2026-09-02,11.24,3.61,11.32
2026-03-01,2026-09-02,17.91,3.06,11.42
2026-04-01,2026-09-02,15.41,2.77,15.65
2026-05-01,2026-09-02,16.17,2.93,12.88
2026-06-01,2026-09-02,15.17,3.15,11.79
2026-07-01,2026-09-02,18.06,2.89,13.85
2026-08-01,2026-09-02,21.11,2.77,13.94
